CountryName,date,C1_School closing,C1_Flag,C2_Workplace closing,C2_Flag,C3_Cancel public events,C3_Flag,C4_Restrictions on gatherings,C4_Flag,C5_Close public transport,C5_Flag,C6_Stay at home requirements,C6_Flag,C7_Restrictions on internal movement,C7_Flag,C8_International travel controls,E1_Income support,E1_Flag,E2_Debt/contract relief,H1_Public information campaigns,H1_Flag,H2_Testing policy,H3_Contact tracing,H6_Facial Coverings,H6_Flag,ConfirmedCases,StringencyIndex,2020_sca,mean_sca,inc,mean,dif
Austria,20200120,0.0,,0.0,,0.0,,0.0,,0.0,,0.0,,0.0,,0.0,0.0,,0.0,0.0,,0.0,0.0,0.0,,,0.0,0.9999999999999998,0.915496461427364,0.4496969696969697,0.4162825252170807,-0.08450353857263582
Austria,20200127,0.0,,0.0,,0.0,,0.0,,0.0,,0.0,,0.0,,0.0,0.0,,0.0,0.0,,0.0,0.0,0.0,,0.0,0.0,0.9782898368599988,0.7543234140261981,0.4411123227917121,0.3525513734214478,-0.22396642283380075
Austria,20200203,0.0,,0.0,,0.0,,0.0,,0.0,,0.0,,0.0,,0.0,0.0,,0.0,0.0,,1.0,0.0,0.0,,0.0,0.0,0.9629705821652579,0.7257908964088904,0.4350547730829421,0.34126902664758485,-0.2371796857563675
Austria,20200210,0.0,,0.0,,0.0,,0.0,,0.0,,0.0,,0.0,,0.0,0.0,,0.0,0.0,,1.0,0.0,0.0,,0.0,0.0,0.8224284779653149,0.6294569154580353,0.3794815223386652,0.30317658090648547,-0.19297156250727965
Austria,20200217,0.0,,0.0,,0.0,,0.0,,0.0,,0.0,,0.0,,0.0,0.0,,0.0,0.0,,1.0,0.0,0.0,,0.0,0.0,0.5260137909018721,0.5850406840389522,0.26227303295225285,0.28561348563464495,0.059026893137080094
Austria,20200224,0.0,,0.0,,0.0,,0.0,,0.0,,0.0,,0.0,,0.0,0.0,,0.0,2.0,1.0,1.0,0.0,0.0,,0.0,11.11,0.6588894546876426,0.44532550640274826,0.3148148148148148,0.23036721873293523,-0.21356394828489433
Austria,20200302,0.0,,0.0,,0.0,,0.0,,0.0,,0.0,,0.0,,0.0,0.0,,0.0,2.0,1.0,1.0,1.0,0.0,,18.0,11.11,0.516385458081365,0.4111596002053234,0.25846579129232894,0.21685731376300732,-0.10522585787604166
Austria,20200309,0.0,,0.0,,0.0,,0.0,,0.0,,0.0,,0.0,,3.0,0.0,,0.0,2.0,1.0,1.0,1.0,0.0,,131.0,19.44,0.3777523989903768,0.24283276997390343,0.20364741641337386,0.15029740848272316,-0.1349196290164734
Austria,20200316,2.0,1.0,3.0,1.0,2.0,1.0,4.0,1.0,1.0,1.0,2.0,1.0,2.0,0.0,3.0,0.0,,2.0,2.0,1.0,1.0,1.0,0.0,,1018.0,81.48,0.08926159110584128,0.18230345135010037,0.08957219251336898,0.12636286573192376,0.09304186024425909
Austria,20200323,2.0,1.0,3.0,1.0,2.0,1.0,4.0,1.0,1.0,1.0,2.0,1.0,2.0,0.0,3.0,2.0,0.0,2.0,2.0,1.0,2.0,1.0,0.0,,4474.0,81.48,0.0,0.10017364031705764,0.054276315789473686,0.09388704214793893,0.10017364031705764
Belgium,20200120,0.0,,0.0,,0.0,,0.0,,0.0,,0.0,,0.0,,0.0,0.0,,0.0,0.0,,0.0,0.0,0.0,,,0.0,0.9598997342297932,1.0,0.7346938775510204,0.7653860620562897,0.040100265770206756
Belgium,20200127,0.0,,0.0,,0.0,,0.0,,0.0,,0.0,,0.0,,0.0,0.0,,0.0,0.0,,0.0,0.0,0.0,,0.0,0.0,0.813904055162056,0.7823897405292102,0.6229508196721312,0.5988302024968944,-0.03151431463284582
Belgium,20200203,0.0,,0.0,,0.0,,0.0,,0.0,,0.0,,0.0,,0.0,0.0,,0.0,2.0,1.0,0.0,0.0,0.0,,0.0,11.11,0.6968161033668128,0.7695717937046489,0.5333333333333333,0.5890195246531965,0.07275569033783613
Belgium,20200210,0.0,,0.0,,0.0,,0.0,,0.0,,0.0,,0.0,,0.0,0.0,,0.0,2.0,1.0,0.0,0.0,0.0,,1.0,11.11,0.7109061348687152,0.7388674102316405,0.5441176470588235,0.5655188174989244,0.027961275362925253
Belgium,20200217,0.0,,0.0,,0.0,,0.0,,0.0,,0.0,,0.0,,0.0,0.0,,0.0,2.0,1.0,0.0,0.0,0.0,,1.0,11.11,0.7077038549819192,0.6083221941804986,0.5416666666666666,0.4656013286652534,-0.09938166080142063
Belgium,20200224,0.0,,0.0,,0.0,,0.0,,0.0,,0.0,,0.0,,0.0,0.0,,0.0,2.0,1.0,0.0,0.0,0.0,,1.0,11.11,0.8623099279164309,0.5166588989180183,0.66,0.39544352006920064,-0.3456510289984126
Belgium,20200302,0.0,,0.0,,0.0,,0.0,,0.0,,0.0,,0.0,,0.0,0.0,,0.0,2.0,1.0,1.0,2.0,0.0,,8.0,11.11,0.5226120775251096,0.4990513260662693,0.4,0.38196692922183123,-0.023560751458840345
Belgium,20200309,0.0,,0.0,,0.0,,0.0,,0.0,,0.0,,0.0,,1.0,2.0,0.0,1.0,2.0,1.0,1.0,2.0,0.0,,239.0,13.89,0.29099990680375426,0.4684293099112201,0.22272727272727275,0.35852926486469405,0.17742940310746586
Belgium,20200316,2.0,1.0,2.0,1.0,2.0,1.0,0.0,,0.0,,0.0,,2.0,1.0,1.0,2.0,0.0,1.0,2.0,1.0,1.0,1.0,0.0,,1058.0,50.93,0.05938773608239882,0.38935843140957116,0.045454545454545456,0.29800951654498564,0.3299706953271723
Belgium,20200323,2.0,1.0,3.0,1.0,2.0,1.0,4.0,1.0,0.0,,2.0,1.0,2.0,1.0,4.0,2.0,0.0,1.0,2.0,1.0,1.0,1.0,0.0,,3743.0,81.48,0.0,0.38261768284507425,0.0,0.29285024154589373,0.38261768284507425
Bulgaria,20200113,0.0,,0.0,,0.0,,0.0,,0.0,,0.0,,0.0,,0.0,0.0,,0.0,0.0,,0.0,0.0,0.0,,,0.0,1.0,0.9487897847268763,0.5671641791044776,0.5460960707394196,-0.05121021527312375
Bulgaria,20200120,0.0,,0.0,,0.0,,0.0,,0.0,,0.0,,0.0,,0.0,0.0,,0.0,0.0,,0.0,0.0,0.0,,,0.0,0.9779036769955927,0.6339911429219875,0.5580736543909348,0.4165865214562087,-0.3439125340736051
Bulgaria,20200127,0.0,,0.0,,0.0,,0.0,,0.0,,0.0,,0.0,,0.0,0.0,,0.0,0.0,,0.0,0.0,0.0,,0.0,0.0,0.8321579205405636,0.5195076778362739,0.4981132075471698,0.3694875191269022,-0.31265024270428965
Bulgaria,20200203,0.0,,0.0,,0.0,,0.0,,0.0,,0.0,,0.0,,1.0,0.0,,0.0,0.0,,0.0,0.0,0.0,,0.0,2.78,0.6287114060192176,0.644243366553026,0.4144144144144144,0.42080433146324625,0.015531960533808453
Bulgaria,20200210,0.0,,0.0,,0.0,,0.0,,0.0,,0.0,,0.0,,1.0,0.0,,0.0,0.0,,0.0,0.0,0.0,,0.0,2.78,0.6894290950236772,0.37025973355368963,0.4393939393939394,0.30808625676865053,-0.3191693614699876
Bulgaria,20200217,0.0,,0.0,,0.0,,0.0,,0.0,,0.0,,0.0,,1.0,0.0,,0.0,1.0,1.0,0.0,0.0,0.0,,0.0,8.33,0.4742715896385899,0.12497292020962342,0.3508771929824561,0.20717418021339593,-0.3492986694289665
Bulgaria,20200224,0.0,,0.0,,0.0,,0.0,,0.0,,0.0,,0.0,,1.0,0.0,,0.0,2.0,1.0,0.0,0.0,0.0,,0.0,13.89,0.5646510500154909,0.021750247563105285,0.3880597014925373,0.16470791754589484,-0.5429008024523856
Bulgaria,20200302,0.0,,0.0,,0.0,,0.0,,0.0,,0.0,,0.0,,1.0,0.0,,0.0,2.0,1.0,0.0,0.0,0.0,,0.0,13.89,0.18566424087719063,0.0,0.23214285714285715,0.1557597697948575,-0.18566424087719063
Canada,20200203,0.0,,0.0,,0.0,,0.0,,0.0,,0.0,,0.0,,1.0,0.0,,0.0,0.0,,1.0,1.0,0.0,,4.0,2.78,0.9473035810736936,1.0,0.2886917685007134,0.30475105791693946,0.05269641892630639
Canada,20200210,0.0,,0.0,,0.0,,0.0,,0.0,,0.0,,0.0,,1.0,0.0,,0.0,0.0,,1.0,1.0,0.0,,7.0,2.78,0.9062779281722858,0.9080831247719949,0.2761891573772762,0.2767392929507856,0.0018051965997091246
Canada,20200217,0.0,,0.0,,0.0,,0.0,,0.0,,0.0,,0.0,,1.0,0.0,,0.0,0.0,,1.0,1.0,0.0,,8.0,2.78,0.8921452350896165,0.8307051011457982,0.2718822042091173,0.2531582583911802,-0.06144013394381831
Canada,20200224,0.0,,0.0,,0.0,,0.0,,0.0,,0.0,,0.0,,1.0,0.0,,0.0,0.0,,1.0,1.0,0.0,,10.0,2.78,0.8081382667510266,0.7787099446218491,0.2462809917355372,0.23731267943394985,-0.029428322129177564
Canada,20200302,0.0,,0.0,,0.0,,0.0,,0.0,,0.0,,0.0,,1.0,0.0,,0.0,0.0,,1.0,1.0,0.0,,27.0,2.78,0.6317387334268877,0.7196626975441495,0.19252304733895143,0.21931796841993798,0.08792396411726178
Canada,20200309,0.0,,0.0,,0.0,,0.0,,0.0,,0.0,,0.0,,1.0,0.0,,0.0,0.0,,2.0,1.0,0.0,,77.0,2.78,0.4126542239469131,0.6576510127615224,0.12575681130171543,0.2004198418792206,0.2449967888146093
Canada,20200316,3.0,0.0,0.0,,2.0,0.0,3.0,1.0,0.0,,1.0,1.0,0.0,,1.0,2.0,1.0,0.0,2.0,1.0,2.0,1.0,0.0,,415.0,43.52,0.22472643102672551,0.6025424740178732,0.06848561759729273,0.18362545639683686,0.3778160429911477
Canada,20200323,3.0,1.0,3.0,0.0,2.0,0.0,4.0,0.0,0.0,,1.0,1.0,2.0,0.0,4.0,2.0,1.0,1.0,2.0,1.0,2.0,1.0,0.0,,2088.0,72.69,0.07597954935605374,0.5412192206110026,0.023154848046309694,0.1649371300461845,0.46523967125494886
Canada,20200330,3.0,1.0,3.0,0.0,2.0,0.0,4.0,0.0,0.0,,1.0,1.0,2.0,0.0,4.0,2.0,1.0,1.0,2.0,1.0,2.0,1.0,0.0,,7398.0,72.69,0.023002571203820522,0.5047760120249558,0.007010057909174032,0.15383102367569904,0.48177344082113527
Canada,20200406,3.0,1.0,3.0,0.0,2.0,0.0,4.0,0.0,0.0,,1.0,1.0,2.0,0.0,4.0,2.0,1.0,1.0,2.0,1.0,2.0,1.0,0.0,,16563.0,72.69,0.008056532624731865,0.46060848445602964,0.002455236840529373,0.1403709229234932,0.45255195183129776
Canada,20200413,3.0,1.0,3.0,0.0,2.0,0.0,4.0,0.0,0.0,,1.0,1.0,2.0,0.0,4.0,2.0,1.0,1.0,2.0,1.0,2.0,1.0,0.0,,25680.0,72.69,0.002932759448085477,0.42952713914240176,0.0008937615444199488,0.1308988500576834,0.4265943796943163
Canada,20200420,3.0,1.0,3.0,0.0,2.0,0.0,4.0,0.0,0.0,,1.0,1.0,2.0,0.0,4.0,2.0,1.0,1.0,2.0,1.0,2.0,1.0,1.0,0.0,37658.0,72.69,0.0040009349360660505,0.3781647393195872,0.0012192891544229715,0.11524610437452784,0.37416380438352115
Canada,20200427,3.0,1.0,3.0,0.0,2.0,0.0,4.0,0.0,0.0,,1.0,1.0,2.0,0.0,4.0,2.0,1.0,1.0,2.0,1.0,2.0,1.0,1.0,0.0,49616.0,72.69,0.0036239714757955507,0.3804780531141682,0.0011044091411095064,0.11595108920072025,0.37685408163837264
Canada,20200504,3.0,1.0,3.0,0.0,2.0,0.0,4.0,0.0,0.0,,1.0,1.0,2.0,0.0,4.0,2.0,1.0,1.0,2.0,1.0,2.0,1.0,1.0,0.0,61957.0,72.69,0.003070284713744628,0.32656384755687407,0.0009356725146198831,0.09952067802038352,0.3234935628431294
Canada,20200511,3.0,0.0,3.0,0.0,2.0,0.0,4.0,0.0,0.0,,1.0,1.0,2.0,0.0,4.0,2.0,1.0,1.0,2.0,1.0,2.0,1.0,1.0,0.0,71264.0,70.83,0.004644732339121375,0.3359690624931771,0.0014154870940882597,0.10238692722215807,0.3313243301540557
Canada,20200518,3.0,0.0,3.0,0.0,2.0,0.0,4.0,0.0,0.0,,1.0,1.0,2.0,0.0,4.0,2.0,1.0,1.0,2.0,1.0,2.0,1.0,1.0,0.0,79411.0,70.83,0.003612393381301069,0.3007930307049252,0.001100880704563651,0.0916669943213684,0.2971806373236241
Canada,20200525,3.0,0.0,3.0,0.0,2.0,0.0,4.0,0.0,0.0,,1.0,1.0,2.0,0.0,4.0,2.0,1.0,1.0,2.0,1.0,2.0,1.0,1.0,1.0,87119.0,70.83,0.002917634962490727,0.24318844943471662,0.0008891523414344991,0.07411193723841003,0.2402708144722259
Canada,20200601,3.0,0.0,3.0,0.0,2.0,0.0,4.0,0.0,0.0,,1.0,1.0,2.0,0.0,4.0,2.0,1.0,1.0,2.0,1.0,2.0,1.0,1.0,1.0,93288.0,70.83,0.002600132161501245,0.23337894822286254,0.000792393026941363,0.07112248136646,0.2307788160613613
Canada,20200608,3.0,0.0,3.0,0.0,2.0,0.0,4.0,0.0,0.0,,1.0,1.0,2.0,0.0,4.0,2.0,1.0,1.0,2.0,1.0,2.0,1.0,1.0,1.0,97779.0,70.83,0.0011935136231139324,0.19239246168357696,0.00036372453928225026,0.05863180623331432,0.19119894806046303
Canada,20200615,3.0,0.0,3.0,0.0,2.0,0.0,4.0,0.0,0.0,,1.0,1.0,2.0,0.0,4.0,2.0,1.0,1.0,2.0,1.0,2.0,1.0,1.0,1.0,100763.0,70.83,0.0020863880386676656,0.16994689834521504,0.0006358289620092195,0.05179149706040685,0.16786051030654736
Canada,20200622,3.0,0.0,2.0,1.0,2.0,0.0,4.0,0.0,0.0,,1.0,1.0,2.0,0.0,4.0,2.0,1.0,1.0,2.0,1.0,2.0,1.0,1.0,1.0,103418.0,68.98,0.0,0.13417595486732822,0.0,0.0408902641928338,0.13417595486732822
China,20200106,0.0,,0.0,,0.0,,0.0,,0.0,,0.0,,0.0,,0.0,0.0,,0.0,1.0,0.0,1.0,2.0,1.0,0.0,,2.78,0.8816004048491994,0.8682813565391558,0.35096818810511754,0.345665828638234,-0.013319048310043602
China,20200113,0.0,,0.0,,0.0,,0.0,,0.0,,0.0,,0.0,,0.0,0.0,,0.0,1.0,0.0,1.0,2.0,1.0,0.0,,2.78,0.8026828064357291,0.7460480997540011,0.31955081763610016,0.29700434388379865,-0.056634706681727986
China,20200120,0.0,,0.0,,0.0,,0.0,,0.0,,0.0,,0.0,,0.0,0.0,,0.0,2.0,0.0,1.0,2.0,1.0,1.0,,8.33,0.716650332120939,0.6565665608853247,0.2853009903193502,0.2613814319694502,-0.06008377123561426
China,20200127,3.0,1.0,3.0,1.0,2.0,0.0,4.0,0.0,2.0,0.0,1.0,0.0,2.0,0.0,0.0,0.0,,0.0,2.0,1.0,1.0,2.0,3.0,0.0,2863.0,69.91,0.5076834467580478,0.5913588962928248,0.2021105462968921,0.23542203384903912,0.08367544953477701
China,20200203,3.0,1.0,3.0,1.0,2.0,0.0,4.0,0.0,2.0,0.0,3.0,0.0,2.0,0.0,0.0,0.0,,0.0,2.0,1.0,1.0,2.0,3.0,0.0,19693.0,77.31,0.23412480062137125,0.5166603299300736,0.0932058976068756,0.2056842747166926,0.28253552930870235
China,20200210,3.0,1.0,3.0,0.0,2.0,0.0,4.0,0.0,2.0,0.0,3.0,0.0,2.0,0.0,0.0,0.0,,0.0,2.0,1.0,1.0,2.0,3.0,0.0,42306.0,75.46,0.09777488868752225,0.4647739243345809,0.03892452332835428,0.18502811614533593,0.36699903564705866
China,20200217,3.0,1.0,3.0,0.0,2.0,0.0,4.0,0.0,2.0,0.0,3.0,0.0,2.0,0.0,0.0,0.0,,0.0,2.0,1.0,2.0,2.0,3.0,0.0,72364.0,75.46,0.04263161000935981,0.42938990044881115,0.016971792252691128,0.17094161314153902,0.3867582904394513
China,20200224,3.0,1.0,3.0,0.0,2.0,0.0,4.0,0.0,2.0,0.0,3.0,0.0,2.0,0.0,0.0,0.0,,0.0,2.0,1.0,2.0,2.0,3.0,0.0,77152.0,75.46,0.03391112039802413,0.3995563183723869,0.013500135001350014,0.15906476033106537,0.3656451979743628
China,20200302,3.0,1.0,3.0,0.0,2.0,0.0,4.0,0.0,2.0,0.0,3.0,0.0,2.0,0.0,2.0,0.0,,0.0,2.0,1.0,2.0,2.0,3.0,0.0,80026.0,81.02,0.02104666897175734,0.3716064215247927,0.008378752135361588,0.14793780916320262,0.35055975255303534
China,20200309,3.0,1.0,3.0,0.0,2.0,0.0,4.0,0.0,2.0,0.0,3.0,0.0,2.0,0.0,2.0,0.0,,0.0,2.0,1.0,2.0,2.0,3.0,0.0,80735.0,81.02,0.024324249719298845,0.3486964355941435,0.00968356843309188,0.1388172640643502,0.3243721858748446
China,20200316,3.0,0.0,3.0,0.0,2.0,0.0,4.0,0.0,2.0,0.0,3.0,0.0,2.0,0.0,2.0,0.0,,0.0,2.0,1.0,2.0,2.0,3.0,0.0,80867.0,79.17,0.02222928960132425,0.34213463261902366,0.008849557522123894,0.1362049874725824,0.3199053430176994
China,20200323,3.0,0.0,3.0,0.0,2.0,0.0,4.0,0.0,2.0,0.0,3.0,0.0,2.0,0.0,2.0,0.0,,0.0,2.0,1.0,2.0,2.0,3.0,0.0,81118.0,79.17,0.01361013953249638,0.46759980862875095,0.005418243895197803,0.18615311051360556,0.45398966909625454
China,20200330,3.0,0.0,3.0,0.0,2.0,0.0,4.0,0.0,0.0,,3.0,0.0,2.0,0.0,3.0,0.0,,0.0,2.0,1.0,2.0,2.0,2.0,1.0,81478.0,73.61,0.008819244175371778,0.30392658369094944,0.0035109717868338558,0.12099423027515156,0.29510733951557766
China,20200406,3.0,0.0,2.0,0.0,2.0,0.0,4.0,0.0,0.0,,3.0,0.0,2.0,0.0,3.0,0.0,,0.0,2.0,1.0,3.0,2.0,2.0,1.0,81707.0,69.91,0.006941478273920669,0.27310174733981213,0.0027634266490448155,0.10872275568951323,0.26616026906589146
China,20200413,3.0,0.0,2.0,0.0,2.0,0.0,4.0,0.0,0.0,,1.0,0.0,1.0,0.0,3.0,1.0,0.0,0.0,2.0,1.0,3.0,2.0,2.0,1.0,82159.0,56.94,0.0026645503977341238,0.23550527331306198,0.0010607667828458857,0.09375546858786235,0.23284072291532787
China,20200420,3.0,0.0,2.0,0.0,2.0,0.0,4.0,0.0,0.0,,1.0,0.0,1.0,0.0,3.0,1.0,0.0,0.0,2.0,1.0,3.0,2.0,2.0,1.0,82747.0,56.94,0.002435791248436015,0.2184550452389889,0.0009696969696969697,0.08696771347679247,0.21601925399055288
China,20200427,3.0,0.0,2.0,0.0,2.0,0.0,4.0,0.0,0.0,,1.0,0.0,1.0,0.0,3.0,1.0,0.0,0.0,2.0,1.0,3.0,2.0,2.0,1.0,82836.0,56.94,0.0,0.21664532732429284,0.0,0.08624725847925774,0.21664532732429284
Germany,20200127,0.0,,0.0,,0.0,,0.0,,0.0,,0.0,,0.0,,0.0,0.0,,0.0,1.0,1.0,1.0,2.0,0.0,,1.0,5.56,0.7368680370801264,1.0,0.4797047970479705,0.6510050279135772,0.2631319629198736
Germany,20200203,0.0,,0.0,,0.0,,0.0,,0.0,,0.0,,0.0,,0.0,0.0,,0.0,1.0,1.0,1.0,2.0,0.0,,12.0,5.56,0.6255835931426842,0.8647781991463259,0.40725806451612906,0.5629749556743069,0.23919460600364173
Germany,20200210,0.0,,0.0,,0.0,,0.0,,0.0,,0.0,,0.0,,0.0,0.0,,0.0,1.0,1.0,1.0,2.0,0.0,,14.0,5.56,0.6249477177891904,0.8324453268816654,0.4068441064638783,0.5419260932631255,0.20749760909247494
Germany,20200217,0.0,,0.0,,0.0,,0.0,,0.0,,0.0,,0.0,,0.0,0.0,,0.0,2.0,1.0,1.0,2.0,0.0,,16.0,11.11,0.6758780364725713,0.732754199143211,0.44,0.477026667867017,0.056876162670639774
Germany,20200224,0.0,,0.0,,0.0,,0.0,,0.0,,0.0,,0.0,,0.0,0.0,,0.0,2.0,1.0,1.0,2.0,0.0,,16.0,11.11,0.5634293915838388,0.5984377517792654,0.3667953667953668,0.38958598530159905,0.035008360195426635
Germany,20200302,2.0,0.0,0.0,,1.0,1.0,0.0,,0.0,,0.0,,0.0,,1.0,0.0,,0.0,2.0,1.0,1.0,2.0,0.0,,159.0,25.0,0.5939534259910475,0.5596059481415908,0.38666666666666666,0.36430628589052017,-0.03434747784945669
Germany,20200309,2.0,0.0,0.0,,1.0,1.0,0.0,,0.0,,1.0,1.0,0.0,,1.0,0.0,,0.0,2.0,1.0,1.0,2.0,0.0,,1176.0,28.7,0.46025062068271794,0.5070609246630685,0.299625468164794,0.3300992114141652,0.046810303980350576
Germany,20200316,3.0,0.0,0.0,,2.0,0.0,1.0,0.0,0.0,,1.0,1.0,0.0,,3.0,2.0,0.0,0.0,2.0,1.0,1.0,2.0,0.0,,7272.0,42.13,0.28889699223702486,0.4344064403281939,0.18807339449541285,0.2828007768116936,0.14550944809116906
Germany,20200323,3.0,1.0,2.0,1.0,2.0,1.0,4.0,1.0,0.0,,2.0,0.0,2.0,0.0,4.0,2.0,0.0,0.0,2.0,1.0,1.0,1.0,0.0,,29056.0,76.85,0.11983653128946299,0.3180009407405805,0.07801418439716312,0.20702021130336543,0.19816440945111752
Germany,20200330,3.0,1.0,2.0,1.0,2.0,1.0,4.0,1.0,0.0,,2.0,0.0,2.0,0.0,4.0,2.0,0.0,0.0,2.0,1.0,1.0,1.0,0.0,,66885.0,76.85,0.014913460645908455,0.3084749099883137,0.009708737864077669,0.20081871738758034,0.29356144934240525
Germany,20200406,3.0,1.0,2.0,1.0,2.0,1.0,4.0,1.0,0.0,,2.0,0.0,2.0,0.0,4.0,2.0,0.0,1.0,2.0,1.0,1.0,1.0,2.0,0.0,103374.0,76.85,0.0,0.1391514553519926,0.0,0.09058829707563884,0.1391514553519926
Denmark,20200210,0.0,,0.0,,0.0,,0.0,,0.0,,0.0,,0.0,,0.0,0.0,,0.0,0.0,,0.0,0.0,0.0,,0.0,0.0,0.6762614720980045,1.0,0.23255813953488372,0.343887903022784,0.32373852790199553
Denmark,20200217,0.0,,0.0,,0.0,,0.0,,0.0,,0.0,,0.0,,0.0,0.0,,0.0,0.0,,0.0,0.0,0.0,,0.0,0.0,0.6223379650028582,0.8920482893836377,0.21401449775629963,0.3067646156312007,0.26971032438077946
Denmark,20200224,0.0,,0.0,,0.0,,0.0,,0.0,,0.0,,0.0,,0.0,0.0,,0.0,0.0,,0.0,0.0,0.0,,0.0,0.0,0.6467023348525027,0.7887088189738394,0.22239310981236543,0.27122742185249016,0.14200648412133665
Denmark,20200302,0.0,,0.0,,0.0,,0.0,,0.0,,0.0,,0.0,,0.0,0.0,,0.0,2.0,1.0,0.0,1.0,0.0,,4.0,11.11,0.6499436446274537,0.6967944955043348,0.2235077570339206,0.2396191978968044,0.04685085087688112
Denmark,20200309,0.0,,0.0,,1.0,1.0,0.0,,0.0,,1.0,1.0,0.0,,2.0,2.0,0.0,0.0,2.0,1.0,0.0,1.0,0.0,,90.0,25.93,0.5749508181030943,0.5517586013588921,0.19771863117870722,0.18974310839609362,-0.023192216744202243
Denmark,20200316,3.0,1.0,1.0,1.0,1.0,1.0,3.0,1.0,1.0,1.0,1.0,1.0,1.0,1.0,4.0,2.0,0.0,0.0,2.0,1.0,1.0,1.0,0.0,,914.0,65.74,0.19336770704091474,0.5240764700978283,0.0664968152866242,0.18022355832552495,0.33070876305691355
Denmark,20200323,3.0,1.0,2.0,1.0,1.0,1.0,4.0,1.0,1.0,1.0,1.0,1.0,1.0,1.0,4.0,2.0,0.0,0.0,2.0,1.0,1.0,1.0,0.0,,1450.0,72.22,0.056239024250992344,0.5032050898289141,0.019339920117721253,0.17304614313165692,0.44696606557792173
Denmark,20200330,3.0,1.0,2.0,1.0,1.0,1.0,4.0,1.0,1.0,1.0,1.0,1.0,1.0,1.0,4.0,2.0,0.0,0.0,2.0,1.0,1.0,1.0,0.0,,2577.0,72.22,0.015477181695098652,0.4041314022774968,0.0053224155578300925,0.13897590047486552,0.3886542205823981
Denmark,20200406,3.0,1.0,2.0,1.0,1.0,1.0,4.0,1.0,1.0,1.0,1.0,1.0,1.0,1.0,4.0,2.0,0.0,0.0,2.0,1.0,1.0,1.0,0.0,,4681.0,72.22,0.004469145999008329,0.32934635741635554,0.0015368852459016393,0.11325822822010283,0.3248772114173472
Denmark,20200413,3.0,1.0,2.0,1.0,1.0,1.0,4.0,1.0,1.0,1.0,1.0,1.0,1.0,1.0,4.0,2.0,0.0,0.0,2.0,1.0,1.0,1.0,0.0,,6318.0,72.22,0.0031505139003482332,0.2754212656298935,0.0010834236186348862,0.09471404148534524,0.2722707517295453
Denmark,20200420,2.0,1.0,2.0,1.0,1.0,1.0,4.0,1.0,1.0,1.0,1.0,1.0,1.0,1.0,4.0,2.0,0.0,2.0,2.0,1.0,2.0,1.0,0.0,,7515.0,68.52,0.0017507070018190365,0.29380724401292563,0.0006020469596628537,0.1010367570365084,0.29205653701110657
Denmark,20200427,2.0,1.0,2.0,1.0,1.0,1.0,4.0,1.0,1.0,1.0,1.0,1.0,1.0,1.0,4.0,2.0,0.0,2.0,2.0,1.0,2.0,1.0,0.0,,8698.0,68.52,0.0,0.159895685934519,0.0,0.0549861921384114,0.159895685934519
Spain,20200113,0.0,,0.0,,0.0,,0.0,,0.0,,0.0,,0.0,,0.0,0.0,,0.0,0.0,,0.0,0.0,0.0,,,0.0,0.7021303607616134,0.9999999999999999,0.5091463414634146,0.7251450299217006,0.2978696392383865
Spain,20200120,0.0,,0.0,,0.0,,0.0,,0.0,,0.0,,0.0,,0.0,0.0,,0.0,0.0,,0.0,0.0,0.0,,,0.0,0.6685804821933781,0.9377431306568599,0.4848178137651822,0.6799997705390379,0.2691626484634818
Spain,20200127,0.0,,0.0,,0.0,,0.0,,0.0,,0.0,,0.0,,0.0,0.0,,0.0,0.0,,1.0,0.0,0.0,,0.0,0.0,0.6354279022070444,0.9031142062579062,0.4607773851590106,0.6548887781196023,0.2676863040508618
Spain,20200203,0.0,,0.0,,0.0,,0.0,,0.0,,0.0,,0.0,,0.0,0.0,,0.0,2.0,1.0,1.0,2.0,0.0,,1.0,11.11,0.6114738655617179,0.8287437514555435,0.44340723453908987,0.6009594124466525,0.21726988589382557
Spain,20200210,0.0,,0.0,,0.0,,0.0,,0.0,,0.0,,0.0,,0.0,0.0,,0.0,2.0,1.0,1.0,2.0,0.0,,2.0,11.11,0.5571925209436492,0.7705370636204765,0.4040453872718303,0.5587511220548498,0.21334454267682723
Spain,20200217,0.0,,0.0,,0.0,,0.0,,0.0,,0.0,,0.0,,0.0,0.0,,0.0,2.0,1.0,1.0,2.0,0.0,,2.0,11.11,0.5214594172647173,0.6980638882841748,0.37813370473537605,0.5061975591570866,0.17660447101945742
Spain,20200224,0.0,,0.0,,0.0,,0.0,,0.0,,0.0,,0.0,,0.0,0.0,,0.0,2.0,1.0,1.0,1.0,0.0,,2.0,11.11,0.484380491385192,0.6267970759826467,0.3512461059190031,0.45451878441827076,0.14241658459745465
Spain,20200302,0.0,,0.0,,0.0,,0.0,,0.0,,0.0,,0.0,,0.0,0.0,,0.0,2.0,1.0,1.0,1.0,0.0,,120.0,11.11,0.31500787637440086,0.5047820457943115,0.22842639593908629,0.3660401917014533,0.18977416941991065
Spain,20200309,3.0,0.0,1.0,0.0,0.0,,0.0,,0.0,,0.0,,1.0,0.0,0.0,0.0,,0.0,2.0,1.0,1.0,1.0,0.0,,1073.0,25.0,0.3309682754440372,0.421530868495072,0.24,0.3056710142477794,0.09056259305103481
Spain,20200316,3.0,1.0,2.0,1.0,2.0,1.0,1.0,0.0,1.0,1.0,2.0,1.0,1.0,1.0,3.0,0.0,,0.0,2.0,1.0,1.0,1.0,0.0,,9942.0,68.98,0.1400169109078382,0.3606325495144866,0.10153256704980843,0.26151090090842155,0.2206156386066484
Spain,20200323,3.0,1.0,2.0,1.0,2.0,1.0,1.0,0.0,1.0,1.0,2.0,1.0,1.0,1.0,4.0,2.0,0.0,1.0,2.0,1.0,1.0,1.0,0.0,,35136.0,71.76,0.007258076215878008,0.29990640196680085,0.005263157894736842,0.2174756368279254,0.29264832575092287
Spain,20200330,3.0,1.0,3.0,1.0,2.0,1.0,4.0,1.0,1.0,1.0,2.0,1.0,1.0,1.0,4.0,2.0,0.0,1.0,2.0,1.0,1.0,1.0,0.0,,87956.0,85.19,0.011166271101350782,0.26616778043732703,0.008097165991902834,0.19301024310941817,0.25500150933597626
Spain,20200406,3.0,1.0,3.0,1.0,2.0,1.0,4.0,1.0,1.0,1.0,2.0,1.0,1.0,1.0,4.0,2.0,0.0,2.0,2.0,1.0,2.0,1.0,0.0,,136675.0,85.19,0.009381186945692663,0.21011973746437304,0.006802721088435374,0.15236728331074267,0.2007385505186804
Spain,20200413,3.0,1.0,3.0,1.0,2.0,1.0,4.0,1.0,1.0,1.0,2.0,1.0,1.0,1.0,4.0,2.0,0.0,2.0,2.0,1.0,1.0,1.0,0.0,,170099.0,85.19,0.0,0.17134563044490297,0.0,0.12425043231592182,0.17134563044490297
France,20200203,0.0,,0.0,,0.0,,0.0,,0.0,,0.0,,0.0,,1.0,0.0,,0.0,2.0,0.0,2.0,1.0,1.0,0.0,6.0,11.11,0.8074013070591648,0.9999999999999999,0.25372620958495756,0.3142504320548059,0.1925986929408351
France,20200210,0.0,,0.0,,0.0,,0.0,,0.0,,0.0,,0.0,,1.0,0.0,,0.0,2.0,0.0,2.0,1.0,1.0,0.0,11.0,11.11,0.8004177216162017,0.940208268333901,0.25153161484221476,0.2954608545454293,0.1397905467176993
France,20200217,0.0,,0.0,,0.0,,0.0,,0.0,,0.0,,0.0,,1.0,0.0,,0.0,2.0,0.0,2.0,1.0,1.0,0.0,12.0,11.11,0.7699211433569507,0.8219388705974596,0.24194805194805194,0.2582946452078909,0.052017727240508904
France,20200224,0.0,,0.0,,0.0,,0.0,,0.0,,0.0,,0.0,,1.0,0.0,,0.0,2.0,0.0,2.0,1.0,1.0,0.0,12.0,11.11,0.7287999858009526,0.6901465756210254,0.2290257104194858,0.21687885957005204,-0.03865341017992718
France,20200302,3.0,0.0,0.0,,2.0,1.0,4.0,0.0,0.0,,0.0,,0.0,,1.0,0.0,,0.0,2.0,1.0,2.0,1.0,1.0,0.0,191.0,43.98,0.48749633862030134,0.5743279952707782,0.15319593503656567,0.18048282065501256,0.08683165665047682
France,20200309,3.0,0.0,0.0,,2.0,1.0,4.0,0.0,0.0,,0.0,,0.0,,1.0,0.0,,0.0,2.0,1.0,2.0,1.0,1.0,0.0,1401.0,43.98,0.3266930695540106,0.47078343534669087,0.10266343825665859,0.1479438979619434,0.14409036579268025
France,20200316,3.0,1.0,0.0,,2.0,1.0,4.0,0.0,1.0,1.0,0.0,,1.0,1.0,1.0,2.0,1.0,2.0,2.0,1.0,2.0,1.0,1.0,0.0,6633.0,56.94,0.07508615984883045,0.37058140866362144,0.02359585817383119,0.11645536778402163,0.295495248814791
France,20200323,3.0,1.0,3.0,1.0,2.0,1.0,4.0,1.0,1.0,1.0,2.0,1.0,2.0,1.0,3.0,2.0,1.0,2.0,2.0,1.0,1.0,1.0,1.0,0.0,19856.0,87.96,0.07323286893497959,0.31417419768368393,0.02301346070343031,0.09872937736256968,0.24094132874870433
France,20200330,3.0,1.0,3.0,1.0,2.0,1.0,4.0,1.0,1.0,1.0,2.0,1.0,2.0,1.0,3.0,2.0,1.0,2.0,2.0,1.0,1.0,1.0,1.0,0.0,44029.0,87.96,0.010102144184322131,0.24466256270946035,0.0031746031746031746,0.07688531603908397,0.23456041852513823
France,20200406,3.0,1.0,3.0,1.0,2.0,1.0,4.0,1.0,1.0,1.0,2.0,1.0,2.0,1.0,3.0,2.0,1.0,2.0,2.0,1.0,1.0,1.0,1.0,0.0,49934.0,87.96,0.004433028211833951,0.20123108246076946,0.0013930810308799629,0.06323695460615308,0.1967980542489355
France,20200413,3.0,1.0,3.0,1.0,2.0,1.0,4.0,1.0,1.0,1.0,2.0,1.0,2.0,1.0,3.0,2.0,1.0,2.0,2.0,1.0,1.0,1.0,1.0,0.0,110836.0,87.96,0.001787738998910939,0.17728218954680708,0.0005617977528089888,0.05571100466070612,0.17549445054789614
France,20200420,3.0,1.0,3.0,1.0,2.0,1.0,4.0,1.0,1.0,1.0,2.0,1.0,2.0,1.0,3.0,2.0,1.0,2.0,2.0,1.0,1.0,1.0,1.0,0.0,153197.0,87.96,0.003977719272576839,0.14709442271632392,0.00125,0.04622448589145705,0.14311670344374708
France,20200427,3.0,1.0,3.0,1.0,2.0,1.0,4.0,1.0,1.0,1.0,2.0,1.0,2.0,1.0,3.0,2.0,1.0,2.0,2.0,1.0,1.0,1.0,1.0,1.0,164592.0,87.96,0.0,0.10661115815180851,0.0,0.03350260251106907,0.10661115815180851
United Kingdom of Great Britain and Northern Ireland,20200106,0.0,,0.0,,0.0,,0.0,,0.0,,0.0,,0.0,,0.0,0.0,,0.0,0.0,,0.0,0.0,0.0,,,0.0,1.0,0.8395082166076506,0.7765741367637102,0.6519403686181281,-0.16049178339234937
United Kingdom of Great Britain and Northern Ireland,20200113,0.0,,0.0,,0.0,,0.0,,0.0,,0.0,,0.0,,0.0,0.0,,0.0,0.0,,0.0,0.0,0.0,,,0.0,0.6846516355132494,0.7116361325183914,0.5316827528325639,0.5526382153003351,0.02698449700514205
United Kingdom of Great Britain and Northern Ireland,20200120,0.0,,0.0,,0.0,,0.0,,0.0,,0.0,,0.0,,0.0,0.0,,0.0,1.0,1.0,1.0,0.0,0.0,,,5.56,0.5042262781025341,0.6559860178468779,0.3915690866510539,0.509421775538503,0.15175973974434387
United Kingdom of Great Britain and Northern Ireland,20200127,0.0,,0.0,,0.0,,0.0,,0.0,,0.0,,0.0,,0.0,0.0,,0.0,1.0,1.0,1.0,0.0,0.0,,0.0,5.56,0.4842911121486033,0.5332155692189268,0.3760879523591388,0.41408142037515844,0.048924457070323446
United Kingdom of Great Britain and Northern Ireland,20200203,0.0,,0.0,,0.0,,0.0,,0.0,,0.0,,0.0,,0.0,0.0,,0.0,2.0,1.0,1.0,2.0,0.0,,8.0,11.11,0.44035887031214765,0.4908753259237666,0.34197130957889865,0.38120108248785395,0.05051645561161894
United Kingdom of Great Britain and Northern Ireland,20200210,0.0,,0.0,,0.0,,0.0,,0.0,,0.0,,0.0,,0.0,0.0,,0.0,2.0,1.0,1.0,2.0,0.0,,14.0,11.11,0.4089493716901673,0.41102243916802456,0.31757950530035334,0.31918939588742323,0.0020730674778572378
United Kingdom of Great Britain and Northern Ireland,20200217,0.0,,0.0,,0.0,,0.0,,0.0,,0.0,,0.0,,0.0,0.0,,0.0,2.0,1.0,1.0,2.0,0.0,,19.0,11.11,0.45293974764364753,0.3436130023404037,0.3517412935323383,0.2668409706732857,-0.10932674530324382
United Kingdom of Great Britain and Northern Ireland,20200224,0.0,,0.0,,0.0,,0.0,,0.0,,0.0,,0.0,,0.0,0.0,,0.0,2.0,1.0,1.0,2.0,0.0,,30.0,11.11,0.36274118660441046,0.28752117587944903,0.28169542385596397,0.22328150895987,-0.07522001072496143
United Kingdom of Great Britain and Northern Ireland,20200302,0.0,,0.0,,0.0,,0.0,,0.0,,0.0,,0.0,,0.0,0.0,,0.0,2.0,1.0,1.0,2.0,0.0,,134.0,11.11,0.34233955905878183,0.2166133431967505,0.26585204755614267,0.1682163200045178,-0.12572621586203134
United Kingdom of Great Britain and Northern Ireland,20200309,0.0,,0.0,,0.0,,0.0,,0.0,,0.0,,0.0,,0.0,0.0,,0.0,2.0,1.0,1.0,2.0,0.0,,629.0,11.11,0.17365706550723206,0.18693423880895232,0.13485758573919782,0.1451682951346434,0.013277173301720263
United Kingdom of Great Britain and Northern Ireland,20200316,0.0,,1.0,1.0,0.0,,0.0,,0.0,,1.0,0.0,0.0,,0.0,0.0,,0.0,2.0,1.0,1.0,0.0,0.0,,3684.0,16.67,0.24292707443596634,0.16086849601341272,0.18865088312664413,0.12492631342409233,-0.08205857842255362
United Kingdom of Great Britain and Northern Ireland,20200323,3.0,1.0,3.0,1.0,2.0,1.0,4.0,0.0,1.0,1.0,2.0,1.0,2.0,1.0,0.0,2.0,0.0,2.0,2.0,1.0,1.0,0.0,0.0,,12668.0,78.24,0.1209372694207617,0.134591063449925,0.09391675560298826,0.10451993891473525,0.013653794029163294
United Kingdom of Great Britain and Northern Ireland,20200330,3.0,1.0,3.0,1.0,2.0,1.0,4.0,1.0,1.0,1.0,2.0,1.0,2.0,1.0,0.0,2.0,1.0,2.0,2.0,1.0,1.0,0.0,0.0,,33969.0,79.63,0.06649763077858559,0.1024690414298886,0.05164034021871203,0.07957480739342059,0.03597141065130301
United Kingdom of Great Britain and Northern Ireland,20200406,3.0,1.0,3.0,1.0,2.0,1.0,4.0,1.0,1.0,1.0,2.0,1.0,2.0,1.0,0.0,2.0,1.0,2.0,2.0,1.0,1.0,0.0,0.0,,66067.0,79.63,0.030887927870237968,0.09394209150428112,0.023986765922249794,0.07295299861571458,0.06305416363404315
United Kingdom of Great Britain and Northern Ireland,20200413,3.0,1.0,3.0,1.0,2.0,1.0,4.0,1.0,1.0,1.0,2.0,1.0,2.0,1.0,0.0,2.0,1.0,2.0,2.0,1.0,1.0,0.0,0.0,,97068.0,79.63,0.009886426578891442,0.08878986898981214,0.007677543186180422,0.06895191586412629,0.0789034424109207
United Kingdom of Great Britain and Northern Ireland,20200420,3.0,1.0,3.0,1.0,2.0,1.0,4.0,1.0,1.0,1.0,2.0,1.0,2.0,1.0,0.0,2.0,1.0,2.0,2.0,1.0,1.0,0.0,0.0,,130147.0,79.63,0.029472168670260448,0.09017629492480596,0.022887323943661973,0.07002857838778093,0.06070412625454551
United Kingdom of Great Britain and Northern Ireland,20200427,3.0,1.0,3.0,1.0,2.0,1.0,4.0,1.0,1.0,1.0,2.0,1.0,2.0,1.0,0.0,2.0,1.0,2.0,2.0,1.0,1.0,0.0,0.0,,162431.0,79.63,0.0031029085828930374,0.06410427258760826,0.0024096385542168677,0.04978172014758745,0.06100136400471522
United Kingdom of Great Britain and Northern Ireland,20200504,3.0,1.0,3.0,1.0,2.0,1.0,4.0,1.0,1.0,1.0,2.0,1.0,2.0,1.0,0.0,2.0,1.0,2.0,2.0,1.0,1.0,0.0,1.0,0.0,191843.0,79.63,0.0,0.03635401652333419,0.0,0.028231588999501907,0.03635401652333419
Georgia,20200120,0.0,,0.0,,0.0,,0.0,,0.0,,0.0,,0.0,,0.0,0.0,,0.0,0.0,,0.0,0.0,0.0,,,0.0,1.0,0.800432205557706,0.8888888888888888,0.711495293829072,-0.199567794442294
Georgia,20200127,0.0,,0.0,,0.0,,0.0,,0.0,,0.0,,0.0,,0.0,0.0,,0.0,0.0,,0.0,0.0,0.0,,0.0,0.0,0.625,0.6352195839021643,0.5555555555555556,0.5646396301352571,0.010219583902164264
Georgia,20200203,0.0,,0.0,,0.0,,0.0,,0.0,,0.0,,0.0,,3.0,0.0,,0.0,2.0,1.0,0.0,0.0,0.0,,0.0,19.44,0.5625,0.5766130151521511,0.5,0.5125449023574676,0.014113015152151132
Georgia,20200210,0.0,,0.0,,0.0,,0.0,,0.0,,0.0,,0.0,,3.0,0.0,,0.0,2.0,1.0,0.0,0.0,0.0,,0.0,19.44,0.7159090909090909,0.47158907338035616,0.6363636363636364,0.4191902874492055,-0.24432001752873478
Georgia,20200217,0.0,,0.0,,0.0,,0.0,,0.0,,0.0,,0.0,,3.0,0.0,,0.0,2.0,1.0,0.0,0.0,0.0,,0.0,19.44,0.4821428571428571,0.43139140743829385,0.42857142857142855,0.383459028834039,-0.050751449704563245
Georgia,20200224,0.0,,0.0,,0.0,,0.0,,0.0,,0.0,,0.0,,3.0,0.0,,0.0,2.0,1.0,0.0,0.0,0.0,,0.0,19.44,0.375,0.25459179301091067,0.3333333333333333,0.22630381600969837,-0.12040820698908933
Georgia,20200302,3.0,1.0,0.0,,2.0,1.0,0.0,,0.0,,0.0,,0.0,,3.0,0.0,,0.0,2.0,1.0,1.0,2.0,0.0,,3.0,41.67,0.5625,0.2659281810143879,0.5,0.2363806053461226,-0.2965718189856121
Georgia,20200309,3.0,1.0,0.0,,2.0,1.0,0.0,,0.0,,1.0,1.0,0.0,,3.0,0.0,,0.0,2.0,1.0,1.0,2.0,0.0,,15.0,45.37,0.0,0.30556794076052796,0.0,0.2716159473426915,0.30556794076052796
Greece,20200120,0.0,,0.0,,0.0,,0.0,,0.0,,0.0,,0.0,,0.0,0.0,,0.0,0.0,,0.0,0.0,0.0,,,0.0,0.9902744338961917,1.0,0.5483870967741935,0.5537728512454758,0.009725566103808259
Greece,20200127,0.0,,0.0,,0.0,,0.0,,0.0,,0.0,,0.0,,0.0,0.0,,0.0,0.0,,0.0,0.0,0.0,,0.0,0.0,0.9451605548050511,0.7862346357676119,0.5234042553191489,0.4353953959969786,-0.15892591903743924
Greece,20200203,0.0,,0.0,,0.0,,0.0,,0.0,,0.0,,0.0,,0.0,0.0,,0.0,0.0,,0.0,0.0,0.0,,0.0,0.0,0.8109355181715274,0.7703021658881215,0.44907407407407407,0.4265724267244305,-0.04063335228340592
Greece,20200210,0.0,,0.0,,0.0,,0.0,,0.0,,0.0,,0.0,,0.0,0.0,,0.0,0.0,,0.0,0.0,0.0,,0.0,0.0,0.6546005265240268,0.6887956822178996,0.3625,0.38143634886737887,0.03419515569387277
Greece,20200217,0.0,,0.0,,0.0,,0.0,,0.0,,0.0,,0.0,,0.0,0.0,,0.0,0.0,,0.0,0.0,0.0,,0.0,0.0,0.7367641788187667,0.6338316294233877,0.408,0.3509987486353552,-0.10293254939537899
Greece,20200224,0.0,,0.0,,0.0,,0.0,,0.0,,0.0,,0.0,,0.0,0.0,,0.0,0.0,,0.0,0.0,0.0,,0.0,0.0,0.535050238793585,0.6689808896948913,0.2962962962962963,0.3704634547150751,0.1339306509013063
Greece,20200302,0.0,,0.0,,2.0,0.0,0.0,,0.0,,0.0,,0.0,,0.0,0.0,,0.0,2.0,1.0,0.0,0.0,0.0,,7.0,19.44,0.5884049676620465,0.43312788437385924,0.3258426966292135,0.2398544634836328,-0.1552770832881873
Greece,20200309,3.0,0.0,0.0,,2.0,1.0,0.0,,0.0,,0.0,,0.0,,0.0,0.0,,0.0,2.0,1.0,0.0,0.0,0.0,,73.0,31.48,0.38304733004540753,0.39815513194739366,0.21212121212121213,0.2204875026565268,0.015107801901986129
Greece,20200316,3.0,1.0,2.0,1.0,2.0,1.0,0.0,,1.0,1.0,0.0,,0.0,,3.0,0.0,,0.0,2.0,1.0,0.0,0.0,0.0,,331.0,54.63,0.08599021694896902,0.3902109165704129,0.047619047619047616,0.21608821185630803,0.3042206996214439
Greece,20200323,3.0,1.0,2.0,1.0,2.0,1.0,4.0,1.0,1.0,1.0,2.0,1.0,2.0,1.0,3.0,1.0,0.0,0.0,2.0,1.0,0.0,0.0,0.0,,695.0,84.26,0.0,0.38747355884635853,0.0,0.21457233746457963,0.38747355884635853
Hungary,20200210,0.0,,0.0,,0.0,,0.0,,0.0,,0.0,,0.0,,0.0,0.0,,0.0,0.0,,0.0,2.0,0.0,,0.0,0.0,1.0,0.7997821861121992,0.6035242290748899,0.48268792730119514,-0.2002178138878008
Hungary,20200217,0.0,,0.0,,0.0,,0.0,,0.0,,0.0,,0.0,,0.0,0.0,,0.0,0.0,,0.0,2.0,0.0,,0.0,0.0,0.8585932315859323,0.575317869122076,0.5181818181818182,0.34721827343490935,-0.2832753624638562
Hungary,20200224,0.0,,0.0,,0.0,,0.0,,0.0,,0.0,,0.0,,0.0,0.0,,0.0,0.0,,0.0,2.0,0.0,,0.0,0.0,0.9212554744525547,0.5934684589846144,0.556,0.35817259418895236,-0.3277870154679403
Hungary,20200302,0.0,,0.0,,0.0,,0.0,,0.0,,0.0,,0.0,,0.0,0.0,,0.0,2.0,1.0,1.0,2.0,0.0,,0.0,11.11,0.49094349824276823,0.5569486927280911,0.2962962962962963,0.33613203041298895,0.06600519448532288
Hungary,20200309,0.0,,0.0,,0.0,,0.0,,0.0,,0.0,,0.0,,3.0,0.0,,0.0,2.0,1.0,1.0,2.0,0.0,,9.0,19.44,0.20151903728546064,0.5674304809212135,0.12162162162162163,0.3424580435515694,0.3659114436357529
Hungary,20200316,3.0,1.0,2.0,0.0,2.0,1.0,1.0,1.0,1.0,1.0,1.0,1.0,1.0,1.0,4.0,0.0,,0.0,2.0,1.0,1.0,2.0,0.0,,39.0,67.59,0.10370780032701742,0.6384962160777725,0.0625901702414158,0.385347936575572,0.5347884157507551
Hungary,20200323,3.0,1.0,2.0,0.0,2.0,1.0,1.0,1.0,1.0,1.0,1.0,1.0,1.0,1.0,4.0,0.0,,2.0,2.0,1.0,1.0,2.0,0.0,,167.0,67.59,0.005896563368574173,0.474458993827081,0.0035587188612099642,0.28634749847713703,0.4685624304585068
Hungary,20200330,3.0,1.0,2.0,0.0,2.0,1.0,1.0,1.0,1.0,1.0,2.0,1.0,2.0,1.0,4.0,0.0,,2.0,2.0,1.0,1.0,2.0,0.0,,447.0,76.85,0.0029482816842870867,0.40720021736019146,0.0017793594306049821,0.24575519726143716,0.4042519356759044
Hungary,20200406,3.0,1.0,2.0,0.0,2.0,1.0,1.0,1.0,1.0,1.0,2.0,1.0,2.0,1.0,4.0,0.0,,2.0,2.0,1.0,1.0,2.0,0.0,,744.0,76.85,0.0,0.4375180781744536,0.0,0.26405276083656454,0.4375180781744536
Ireland,20200106,0.0,,0.0,,0.0,,0.0,,0.0,,0.0,,0.0,,0.0,0.0,,0.0,0.0,,0.0,0.0,0.0,,,0.0,0.512981773305487,0.6221651542294353,0.24017467248908297,0.29129360910487556,0.1091833809239483
Ireland,20200113,0.0,,0.0,,0.0,,0.0,,0.0,,0.0,,0.0,,0.0,0.0,,0.0,0.0,,0.0,0.0,0.0,,,0.0,0.36386193615287754,0.5874428377385047,0.17035775127768313,0.2750368502388928,0.22358090158562716
Ireland,20200120,0.0,,0.0,,0.0,,0.0,,0.0,,0.0,,0.0,,0.0,0.0,,0.0,0.0,,0.0,0.0,0.0,,,0.0,0.3507239691962137,0.5378091620858182,0.16420664206642066,0.2517986916635892,0.1870851928896045
Ireland,20200127,0.0,,0.0,,0.0,,0.0,,0.0,,0.0,,0.0,,0.0,0.0,,0.0,0.0,,0.0,0.0,0.0,,0.0,0.0,0.46770866391621707,0.45674754480234714,0.21897810218978103,0.21384617873697678,-0.010961119113869933
Ireland,20200203,0.0,,0.0,,0.0,,0.0,,0.0,,0.0,,0.0,,0.0,0.0,,0.0,0.0,,0.0,0.0,0.0,,0.0,0.0,0.2726641998149861,0.4146290813185088,0.1276595744680851,0.19412659278016697,0.1419648815035227
Ireland,20200210,0.0,,0.0,,0.0,,0.0,,0.0,,0.0,,0.0,,0.0,0.0,,0.0,1.0,1.0,0.0,0.0,0.0,,0.0,5.56,0.3680863649807749,0.3879419591418713,0.17233560090702948,0.18163185873308987,0.01985559416109639
Ireland,20200217,0.0,,0.0,,0.0,,0.0,,0.0,,0.0,,0.0,,0.0,0.0,,0.0,1.0,1.0,0.0,0.0,0.0,,0.0,5.56,0.3058524437065477,0.3286092153821812,0.1431980906921241,0.15385266063695,0.022756771675633503
Ireland,20200224,0.0,,0.0,,0.0,,0.0,,0.0,,0.0,,0.0,,0.0,0.0,,0.0,1.0,1.0,0.0,0.0,0.0,,0.0,5.56,0.3629039079681949,0.26932628950354515,0.16990920881971466,0.12609678694313564,-0.09357761846464974
Ireland,20200302,0.0,,0.0,,0.0,,0.0,,0.0,,0.0,,0.0,,0.0,0.0,,0.0,2.0,1.0,2.0,1.0,0.0,,1.0,11.11,0.33282082483720316,0.2790689077276148,0.15582450832072617,0.13065821634066443,-0.053751917109588376
Ireland,20200309,0.0,,0.0,,0.0,,0.0,,0.0,,0.0,,0.0,,0.0,0.0,,0.0,2.0,1.0,2.0,1.0,0.0,,21.0,11.11,0.23328672435626843,0.16731075134505544,0.10922330097087378,0.07833378688928805,-0.065975973011213
Ireland,20200316,3.0,1.0,1.0,1.0,2.0,1.0,4.0,1.0,0.0,,0.0,,0.0,,0.0,1.0,1.0,0.0,2.0,1.0,2.0,1.0,0.0,,169.0,48.15,0.09621034077555815,0.13080732797472872,0.04504504504504504,0.0612431255657763,0.034596987199170565
Ireland,20200323,3.0,1.0,1.0,1.0,2.0,1.0,4.0,1.0,0.0,,0.0,,0.0,,0.0,1.0,1.0,0.0,2.0,1.0,2.0,1.0,0.0,,1125.0,48.15,0.019776570048309176,0.1124226821479544,0.009259259259259259,0.052635556018380686,0.09264611209964521
Ireland,20200330,3.0,1.0,3.0,1.0,2.0,1.0,4.0,1.0,2.0,1.0,2.0,1.0,2.0,1.0,0.0,2.0,1.0,2.0,2.0,1.0,1.0,1.0,0.0,,2910.0,85.19,0.0,0.07761472906974236,0.0,0.03633870266878523,0.07761472906974236
Iran (Islamic Republic of),20200106,0.0,,0.0,,0.0,,0.0,,0.0,,0.0,,0.0,,0.0,0.0,,0.0,0.0,,0.0,0.0,0.0,,,0.0,0.5478049626930419,0.35608007720338875,0.21568627450980393,0.14019877604175235,-0.19172488548965316
Iran (Islamic Republic of),20200113,0.0,,0.0,,0.0,,0.0,,0.0,,0.0,,0.0,,0.0,0.0,,0.0,0.0,,0.0,0.0,0.0,,,0.0,0.5243066264917318,0.2698551168316003,0.2064343163538874,0.1062495756166231,-0.25445150966013147
Iran (Islamic Republic of),20200120,0.0,,0.0,,0.0,,0.0,,0.0,,0.0,,0.0,,0.0,0.0,,0.0,0.0,,0.0,0.0,0.0,,,0.0,0.5482437331877901,0.2691563629300674,0.21585903083700442,0.10597445648466067,-0.2790873702577227
Iran (Islamic Republic of),20200127,0.0,,0.0,,0.0,,0.0,,0.0,,0.0,,0.0,,0.0,0.0,,0.0,0.0,,0.0,0.0,0.0,,0.0,0.0,0.6492780624126688,0.27462554361559743,0.2556390977443609,0.10812782727722128,-0.3746525187970714
Iran (Islamic Republic of),20200203,0.0,,0.0,,0.0,,0.0,,0.0,,0.0,,0.0,,0.0,0.0,,0.0,0.0,,0.0,0.0,0.0,,0.0,0.0,0.6041326574447977,0.2238938196679735,0.23786407766990292,0.08815331575777353,-0.3802388377768242
Iran (Islamic Republic of),20200210,0.0,,0.0,,0.0,,0.0,,0.0,,0.0,,0.0,,0.0,0.0,,0.0,0.0,,0.0,0.0,0.0,,0.0,0.0,0.5876718132178498,0.24244630051777313,0.23138297872340424,0.09545795107494202,-0.3452255127000766
Iran (Islamic Republic of),20200217,0.0,,0.0,,0.0,,0.0,,0.0,,0.0,,0.0,,0.0,0.0,,0.0,0.0,,0.0,0.0,0.0,,0.0,0.0,0.3601930812550282,0.24007127922578492,0.14181818181818182,0.09452283816206862,-0.12012180202924327
Iran (Islamic Republic of),20200224,0.0,,0.0,,2.0,1.0,0.0,,0.0,,0.0,,0.0,,0.0,0.0,,0.0,0.0,,0.0,0.0,0.0,,61.0,11.11,0.31138780842442454,0.205745705535596,0.12260216847372811,0.08100789102969459,-0.10564210288882853
Iran (Islamic Republic of),20200302,0.0,,1.0,1.0,2.0,1.0,0.0,,0.0,,0.0,,0.0,,0.0,0.0,,0.0,1.0,1.0,0.0,0.0,0.0,,1501.0,20.37,0.3410619469026549,0.2661862015031942,0.13428571428571429,0.1048050201040451,-0.07487574539946068
Iran (Islamic Republic of),20200309,3.0,1.0,1.0,1.0,2.0,1.0,0.0,,0.0,,0.0,,2.0,1.0,0.0,0.0,,0.0,1.0,1.0,0.0,0.0,0.0,,7161.0,42.59,0.4358276169031785,0.23288911978613566,0.17159763313609466,0.09169501928861787,-0.20293849711704284
Iran (Islamic Republic of),20200316,3.0,1.0,1.0,1.0,2.0,1.0,0.0,,1.0,1.0,0.0,,2.0,1.0,0.0,0.0,,2.0,1.0,1.0,0.0,0.0,0.0,,14991.0,48.15,0.44346116027531957,0.24633711702901345,0.1746031746031746,0.09698987534591819,-0.1971240432463061
Iran (Islamic Republic of),20200323,3.0,1.0,3.0,0.0,2.0,1.0,0.0,,1.0,1.0,1.0,1.0,2.0,1.0,0.0,0.0,,2.0,1.0,1.0,0.0,0.0,0.0,,23049.0,57.41,0.28220255653883974,0.20598175150074532,0.1111111111111111,0.08110082898809833,-0.07622080503809442
Iran (Islamic Republic of),20200330,3.0,1.0,3.0,0.0,2.0,1.0,0.0,,1.0,1.0,1.0,1.0,2.0,1.0,0.0,0.0,,2.0,1.0,1.0,0.0,0.0,0.0,,41495.0,57.41,0.0,0.21626504697646046,0.0,0.08514965264229976,0.21626504697646046
Iceland,20200120,0.0,,0.0,,0.0,,0.0,,0.0,,0.0,,0.0,,0.0,0.0,,0.0,0.0,,0.0,0.0,0.0,,,0.0,0.671787843290677,1.0,0.2616822429906542,0.3895310783071531,0.328212156709323
Iceland,20200127,0.0,,0.0,,0.0,,0.0,,0.0,,0.0,,0.0,,0.0,0.0,,0.0,2.0,1.0,0.0,0.0,0.0,,0.0,11.11,0.5030303276377825,0.7789684321576642,0.19594594594594594,0.3034324133456074,0.27593810451988166
Iceland,20200203,0.0,,0.0,,0.0,,0.0,,0.0,,0.0,,0.0,,2.0,0.0,,0.0,2.0,1.0,0.0,0.0,0.0,,0.0,16.67,0.5924282903744708,0.6347288557427206,0.23076923076923078,0.2472466156101274,0.04230056536824989
Iceland,20200210,0.0,,0.0,,0.0,,0.0,,0.0,,0.0,,0.0,,2.0,0.0,,0.0,2.0,1.0,0.0,0.0,0.0,,0.0,16.67,0.6562739457281104,0.5890122742400971,0.2556390977443609,0.2294385863208936,-0.06726167148801332
Iceland,20200217,0.0,,0.0,,0.0,,0.0,,0.0,,0.0,,0.0,,2.0,0.0,,0.0,2.0,1.0,0.0,0.0,0.0,,0.0,16.67,0.5339753657241896,0.5758531479728379,0.208,0.22431269767642817,0.041877782248648354
Iceland,20200224,0.0,,0.0,,0.0,,0.0,,0.0,,0.0,,0.0,,2.0,0.0,,0.0,2.0,1.0,0.0,0.0,0.0,,0.0,16.67,0.5231712706466495,0.4926427271769498,0.2037914691943128,0.19189965273741388,-0.030528543469699687
Iceland,20200302,0.0,,0.0,,0.0,,0.0,,0.0,,0.0,,0.0,,2.0,0.0,,0.0,2.0,1.0,0.0,0.0,0.0,,6.0,16.67,0.42491408413065485,0.4954553878189296,0.16551724137931034,0.19299527147019638,0.07054130368827477
Iceland,20200309,0.0,,0.0,,0.0,,0.0,,0.0,,0.0,,0.0,,2.0,0.0,,0.0,2.0,1.0,2.0,2.0,0.0,,58.0,16.67,0.2962141451872354,0.3931752852917512,0.11538461538461539,0.1531539928434184,0.09696114010451584
Iceland,20200316,2.0,1.0,2.0,1.0,2.0,1.0,3.0,1.0,0.0,,0.0,,0.0,,2.0,0.0,,2.0,2.0,1.0,3.0,2.0,0.0,,180.0,50.93,0.22885795713432397,0.3149661201493378,0.08914728682170543,0.12268909241199188,0.08610816301501381
Iceland,20200323,2.0,1.0,2.0,1.0,2.0,1.0,3.0,1.0,0.0,,0.0,,0.0,,3.0,2.0,1.0,2.0,2.0,1.0,3.0,2.0,0.0,,588.0,53.7,0.08236970882211893,0.3911595800867817,0.03208556149732621,0.15236881302137728,0.3087898712646628
Iceland,20200330,2.0,1.0,2.0,1.0,2.0,1.0,3.0,1.0,0.0,,0.0,,0.0,,3.0,2.0,1.0,2.0,2.0,1.0,3.0,2.0,0.0,,1086.0,53.7,0.06386042931068092,0.28495313271396877,0.024875621890547265,0.11099810105307356,0.22109270340328785
Iceland,20200406,2.0,1.0,2.0,1.0,2.0,1.0,3.0,1.0,0.0,,0.0,,0.0,,3.0,2.0,1.0,2.0,2.0,1.0,3.0,2.0,0.0,,1562.0,53.7,0.0,0.16936734231150832,0.0,0.06597384348061855,0.16936734231150832
Israel,20200106,0.0,,0.0,,0.0,,0.0,,0.0,,0.0,,0.0,,0.0,0.0,,0.0,0.0,,0.0,0.0,0.0,,,0.0,0.7372422244009655,0.8043391941008651,0.3383152173913043,0.3584957941884763,0.06709696969989953
Israel,20200113,0.0,,0.0,,0.0,,0.0,,0.0,,0.0,,0.0,,0.0,0.0,,0.0,0.0,,0.0,0.0,0.0,,,0.0,0.7944587499250952,0.6439093794422641,0.3555240793201133,0.3102437462978722,-0.15054937048283112
Israel,20200120,0.0,,0.0,,0.0,,0.0,,0.0,,0.0,,0.0,,0.0,0.0,,0.0,0.0,,0.0,0.0,0.0,,,0.0,0.6258801761267436,0.6559148607177163,0.3048211508553655,0.3138546029125583,0.030034684590972693
Israel,20200127,0.0,,0.0,,0.0,,0.0,,0.0,,0.0,,0.0,,0.0,0.0,,0.0,1.0,0.0,1.0,0.0,0.0,,0.0,2.78,0.6104519082227311,0.4384135614799309,0.30018083182640143,0.24843731667169575,-0.17203834674280022
Israel,20200203,0.0,,0.0,,0.0,,0.0,,0.0,,0.0,,0.0,,3.0,0.0,,0.0,1.0,1.0,1.0,0.0,0.0,,0.0,13.89,0.3993798381352101,0.2507836823187201,0.23669724770642203,0.19200437785504781,-0.14859615581649
Israel,20200210,0.0,,0.0,,0.0,,0.0,,0.0,,0.0,,0.0,,3.0,0.0,,0.0,2.0,1.0,1.0,0.0,0.0,,0.0,19.44,0.2682586388618266,0.1077182670103079,0.19726027397260273,0.14897497408966376,-0.1605403718515187
Israel,20200217,0.0,,0.0,,0.0,,0.0,,0.0,,0.0,,0.0,,3.0,0.0,,0.0,2.0,1.0,1.0,0.0,0.0,,0.0,19.44,0.02508564273161412,0.0,0.12412177985948478,0.11657683793563936,-0.02508564273161412
Italy,20200210,0.0,,0.0,,0.0,,0.0,,0.0,,0.0,,0.0,,3.0,0.0,,0.0,2.0,1.0,1.0,2.0,0.0,,3.0,19.44,0.8593362467478631,1.0,0.41980046047582503,0.4853692485059097,0.14066375325213687
Italy,20200217,0.0,,0.0,,0.0,,0.0,,0.0,,0.0,,0.0,,3.0,0.0,,0.0,2.0,1.0,1.0,2.0,0.0,,3.0,19.44,0.7931267462884041,0.8782629864035557,0.38893766461808604,0.42862294211656604,0.08513624011515164
Italy,20200224,3.0,0.0,3.0,0.0,2.0,0.0,4.0,0.0,0.0,,2.0,0.0,2.0,0.0,3.0,0.0,,0.0,2.0,1.0,1.0,2.0,0.0,,229.0,69.91,0.6887191744269485,0.8262003499634285,0.3402692778457772,0.40435454393931064,0.13748117553647998
Italy,20200302,3.0,0.0,3.0,0.0,2.0,0.0,4.0,0.0,0.0,,2.0,0.0,2.0,0.0,3.0,0.0,,0.0,2.0,1.0,2.0,2.0,0.0,,2036.0,69.91,0.4369105021129982,0.7417104480141693,0.22289156626506024,0.3649705495305772,0.3047999459011711
Italy,20200309,3.0,1.0,3.0,0.0,2.0,1.0,4.0,0.0,0.0,,2.0,0.0,2.0,0.0,3.0,0.0,,0.0,2.0,1.0,2.0,2.0,0.0,,9172.0,74.54,0.19397315947151927,0.569232279535399,0.10964912280701754,0.28457183836772176,0.37525912006387974
Italy,20200316,3.0,1.0,3.0,1.0,2.0,1.0,4.0,1.0,1.0,0.0,2.0,1.0,2.0,1.0,3.0,0.0,,0.0,2.0,1.0,2.0,2.0,0.0,,27980.0,85.19,0.12931543964767955,0.49906635126753124,0.07950967161493477,0.2518647992680093,0.3697509116198517
Italy,20200323,3.0,1.0,3.0,1.0,2.0,1.0,4.0,1.0,1.0,1.0,3.0,1.0,2.0,1.0,3.0,1.0,0.0,1.0,2.0,1.0,2.0,2.0,0.0,,63927.0,91.67,0.06465771982383978,0.389981085003256,0.049370220422852,0.20101595914025625,0.32532336517941624
Italy,20200330,3.0,1.0,3.0,1.0,2.0,1.0,4.0,1.0,1.0,1.0,3.0,1.0,2.0,1.0,3.0,1.0,1.0,1.0,2.0,1.0,2.0,2.0,0.0,,101739.0,91.67,0.0,0.27723883677318867,0.019230769230769232,0.14846245900023228,0.27723883677318867
Kazakhstan,20200106,0.0,,0.0,,0.0,,0.0,,0.0,,0.0,,0.0,,0.0,0.0,,0.0,0.0,,0.0,0.0,0.0,,,0.0,0.7227479678884227,0.3553779223895735,0.3631578947368421,0.181836625226892,-0.36737004549884916
Kazakhstan,20200113,0.0,,0.0,,0.0,,0.0,,0.0,,0.0,,0.0,,0.0,0.0,,0.0,0.0,,0.0,0.0,0.0,,,0.0,0.6220013913518967,0.2755455751723347,0.31343283582089554,0.1424341134468884,-0.346455816179562
Kazakhstan,20200120,0.0,,0.0,,0.0,,0.0,,0.0,,0.0,,0.0,,0.0,0.0,,0.0,0.0,,0.0,0.0,0.0,,,0.0,0.6020214648947826,0.258426789064245,0.30357142857142855,0.1339848670599838,-0.3435946758305376
Kazakhstan,20200127,0.0,,0.0,,0.0,,0.0,,0.0,,0.0,,0.0,,0.0,0.0,,0.0,0.0,,0.0,0.0,1.0,1.0,0.0,0.0,0.7552777547156885,0.1740123437372853,0.3792134831460674,0.09232078862136611,-0.5812654109784032
Kazakhstan,20200203,0.0,,0.0,,0.0,,0.0,,0.0,,0.0,,0.0,,3.0,0.0,,0.0,0.0,,1.0,0.0,1.0,1.0,0.0,8.33,0.8127159834798976,0.10941127287331984,0.40756302521008403,0.060435913073468024,-0.7033047106065777
Kazakhstan,20200210,0.0,,0.0,,0.0,,0.0,,0.0,,0.0,,0.0,,3.0,0.0,,0.0,0.0,,1.0,0.0,1.0,1.0,0.0,8.33,0.6482512947302371,0.07621417086067243,0.3263888888888889,0.04405096074886865,-0.5720371238695647
Kazakhstan,20200217,0.0,,0.0,,0.0,,0.0,,0.0,,0.0,,0.0,,3.0,0.0,,0.0,0.0,,1.0,0.0,1.0,1.0,0.0,8.33,0.6839326833928018,0.02984169363872357,0.344,0.021163094568087862,-0.6540909897540782
Kazakhstan,20200224,0.0,,0.0,,0.0,,0.0,,0.0,,0.0,,0.0,,3.0,0.0,,0.0,0.0,,1.0,0.0,1.0,1.0,0.0,8.33,0.6256170302172264,0.07626362294800833,0.31521739130434784,0.044075368605103867,-0.549353407269218
Kazakhstan,20200302,0.0,,0.0,,0.0,,0.0,,0.0,,0.0,,0.0,,3.0,0.0,,0.0,0.0,,1.0,0.0,1.0,1.0,0.0,8.33,0.3755255862608047,0.03602905855388431,0.1917808219178082,0.024216965930449072,-0.33949652770692035
Kazakhstan,20200309,0.0,,0.0,,0.0,,0.0,,0.0,,0.0,,0.0,,3.0,0.0,,0.0,0.0,,1.0,0.0,1.0,1.0,0.0,8.33,0.27367210745805964,0.0,0.14150943396226415,0.006434256871065257,-0.27367210745805964
Lithuania,20200217,0.0,,0.0,,0.0,,0.0,,0.0,,0.0,,0.0,,0.0,0.0,,0.0,0.0,,1.0,0.0,0.0,,0.0,0.0,0.9695289641969843,1.0,0.8163265306122449,0.8419826129571798,0.03047103580301569
Lithuania,20200224,0.0,,0.0,,0.0,,0.0,,0.0,,0.0,,0.0,,0.0,0.0,,0.0,0.0,,1.0,0.0,0.0,,0.0,0.0,0.8866873626328927,0.8652654210850055,0.7465753424657534,0.7285384401466474,-0.021421941547887235
Lithuania,20200302,0.0,,0.0,,0.0,,0.0,,0.0,,0.0,,0.0,,0.0,0.0,,0.0,2.0,1.0,1.0,0.0,0.0,,1.0,11.11,0.8863231202547058,0.7700173127141693,0.746268656716418,0.6483411889813421,-0.11630580754053654
Lithuania,20200309,0.0,,0.0,,0.0,,0.0,,0.0,,0.0,,0.0,,0.0,0.0,,0.0,2.0,1.0,1.0,0.0,0.0,,1.0,11.11,0.9685876739404824,0.7028680321567808,0.8155339805825242,0.5918026622794375,-0.26571964178370155
Lithuania,20200316,3.0,1.0,3.0,1.0,2.0,1.0,4.0,1.0,1.0,1.0,1.0,1.0,1.0,1.0,4.0,0.0,,0.0,2.0,1.0,1.0,0.0,0.0,,17.0,81.48,0.6143136109351582,0.6758983884397809,0.5172413793103449,0.5690946911920736,0.061584777504622656
Lithuania,20200323,3.0,1.0,3.0,1.0,2.0,1.0,4.0,1.0,1.0,1.0,1.0,1.0,1.0,1.0,4.0,0.0,,1.0,2.0,1.0,1.0,0.0,0.0,,179.0,81.48,0.0,0.6053198965445946,0.0,0.5096688281675875,0.6053198965445946
Latvia,20200106,0.0,,0.0,,0.0,,0.0,,0.0,,0.0,,0.0,,0.0,0.0,,0.0,0.0,,0.0,0.0,0.0,,,0.0,0.37020269522385824,0.5748662783925816,0.2018348623853211,0.3134176430540769,0.2046635831687234
Latvia,20200113,0.0,,0.0,,0.0,,0.0,,0.0,,0.0,,0.0,,0.0,0.0,,0.0,0.0,,0.0,0.0,0.0,,,0.0,0.3056976801469738,0.48533363550061803,0.16666666666666666,0.2646043607894345,0.17963595535364424
Latvia,20200120,0.0,,0.0,,0.0,,0.0,,0.0,,0.0,,0.0,,0.0,0.0,,0.0,0.0,,0.0,0.0,0.0,,,0.0,0.5394664943770127,0.4856810214208497,0.29411764705882354,0.2647937559243407,-0.05378547295616298
Latvia,20200127,0.0,,0.0,,0.0,,0.0,,0.0,,0.0,,0.0,,0.0,0.0,,0.0,0.0,,0.0,0.0,0.0,,0.0,0.0,0.3668372161763686,0.3308019459196888,0.2,0.18035353630022388,-0.0360352702566798
Latvia,20200203,0.0,,0.0,,0.0,,0.0,,0.0,,0.0,,0.0,,0.0,0.0,,0.0,1.0,0.0,1.0,0.0,0.0,,0.0,2.78,0.35035015028080146,0.3111214832866152,0.19101123595505617,0.16962372930942413,-0.039228666994186256
Latvia,20200210,0.0,,0.0,,0.0,,0.0,,0.0,,0.0,,0.0,,0.0,0.0,,0.0,1.0,0.0,1.0,0.0,0.0,,0.0,2.78,0.3152507326515667,0.27806468277558766,0.171875,0.15160113015463475,-0.037186049875979066
Latvia,20200217,0.0,,0.0,,0.0,,0.0,,0.0,,0.0,,0.0,,0.0,0.0,,0.0,1.0,0.0,1.0,0.0,0.0,,0.0,2.78,0.3378763833203395,0.2458796517499349,0.18421052631578946,0.13405382055441206,-0.09199673157040458
Latvia,20200224,0.0,,0.0,,0.0,,0.0,,0.0,,0.0,,0.0,,0.0,0.0,,0.0,1.0,0.0,1.0,0.0,0.0,,0.0,2.78,0.1675906063749907,0.2558556364205606,0.09137055837563451,0.13949273690788772,0.08826503004556988
Latvia,20200302,0.0,,0.0,,0.0,,0.0,,0.0,,0.0,,0.0,,2.0,0.0,,0.0,1.0,0.0,1.0,0.0,0.0,,1.0,8.33,0.1834186080881843,0.14879544078106718,0.1,0.08112341617461685,-0.03462316730711712
Latvia,20200309,0.0,,0.0,,0.0,,0.0,,0.0,,0.0,,0.0,,2.0,0.0,,0.0,1.0,0.0,1.0,0.0,0.0,,6.0,8.33,0.21622518839664,0.12479053755258904,0.11788617886178862,0.06803592004830396,-0.09143465084405097
Latvia,20200316,3.0,1.0,1.0,1.0,2.0,1.0,3.0,1.0,0.0,,1.0,1.0,0.0,,2.0,2.0,0.0,1.0,2.0,1.0,1.0,0.0,0.0,,34.0,54.63,0.1908881441641737,0.15049404099740918,0.10407239819004525,0.08204949463200288,-0.04039410316676453
Latvia,20200323,3.0,1.0,1.0,1.0,2.0,1.0,3.0,1.0,0.0,,1.0,1.0,0.0,,4.0,2.0,0.0,1.0,2.0,1.0,1.0,1.0,0.0,,180.0,60.19,0.11116279278071775,0.11344494940873187,0.06060606060606061,0.061850294575449855,0.0022821566280141203
Latvia,20200330,3.0,1.0,2.0,1.0,2.0,1.0,3.0,1.0,1.0,1.0,1.0,1.0,0.0,,4.0,2.0,0.0,2.0,2.0,1.0,1.0,1.0,0.0,,376.0,69.44,0.03162389794623867,0.10279673919191583,0.017241379310344827,0.05604488021329496,0.07117284124567716
Latvia,20200406,3.0,1.0,2.0,1.0,2.0,1.0,3.0,1.0,1.0,1.0,1.0,1.0,0.0,,4.0,2.0,0.0,2.0,2.0,1.0,1.0,1.0,0.0,,542.0,69.44,0.0,0.08758597238205047,0.0,0.04775195564669248,0.08758597238205047
Republic of Moldova,20200217,0.0,,0.0,,0.0,,0.0,,0.0,,0.0,,0.0,,0.0,0.0,,0.0,1.0,1.0,0.0,0.0,0.0,,0.0,5.56,1.0,0.9927638315076684,0.68,0.6750794054252146,-0.007236168492331552
Republic of Moldova,20200224,0.0,,0.0,,0.0,,0.0,,0.0,,0.0,,0.0,,0.0,0.0,,0.0,1.0,1.0,0.0,0.0,0.0,,0.0,5.56,0.7901668129938542,0.7868406998882606,0.5373134328358209,0.5350516759240173,-0.003326113105593609
Republic of Moldova,20200302,0.0,,0.0,,0.0,,0.0,,0.0,,0.0,,0.0,,1.0,0.0,,0.0,1.0,1.0,0.0,0.0,0.0,,0.0,8.33,0.6740196078431372,0.707675043425673,0.4583333333333333,0.48121902952945766,0.03365543558253581
Republic of Moldova,20200309,0.0,,0.0,,0.0,,0.0,,0.0,,0.0,,0.0,,2.0,0.0,,0.0,1.0,1.0,0.0,1.0,0.0,,1.0,11.11,0.3932968536251709,0.6272317346700061,0.26744186046511625,0.4265175795756042,0.23393488104483523
Republic of Moldova,20200316,3.0,1.0,2.0,1.0,2.0,1.0,3.0,1.0,0.0,,0.0,,0.0,,3.0,0.0,,0.0,1.0,1.0,1.0,1.0,0.0,,23.0,51.85,0.38126361655773416,0.5866936798645866,0.25925925925925924,0.398951702307919,0.20543006330685248
Republic of Moldova,20200323,3.0,1.0,2.0,1.0,2.0,1.0,4.0,1.0,2.0,0.0,0.0,,0.0,,4.0,0.0,,0.0,1.0,1.0,1.0,1.0,0.0,,109.0,65.74,0.38363171355498715,0.6094762025824472,0.2608695652173913,0.4144438177560641,0.22584448902746002
Republic of Moldova,20200330,3.0,1.0,2.0,1.0,2.0,1.0,4.0,1.0,2.0,1.0,2.0,1.0,2.0,1.0,4.0,0.0,,0.0,1.0,1.0,1.0,1.0,0.0,,298.0,87.04,0.1547987616099071,0.42803774076489104,0.10526315789473684,0.29106566372012593,0.27323897915498396
Republic of Moldova,20200406,3.0,1.0,2.0,1.0,2.0,1.0,4.0,1.0,2.0,1.0,2.0,1.0,2.0,1.0,4.0,1.0,0.0,1.0,1.0,1.0,1.0,1.0,0.0,,965.0,87.04,0.0,0.36753993062603457,0.0,0.24992715282570352,0.36753993062603457
Mongolia,20200120,0.0,,0.0,,0.0,,0.0,,0.0,,0.0,,0.0,,0.0,0.0,,0.0,2.0,1.0,0.0,0.0,1.0,1.0,,11.11,1.0,0.8781594483585626,0.5459183673469388,0.4794033723181949,-0.12184055164143737
Mongolia,20200127,3.0,1.0,2.0,1.0,2.0,1.0,0.0,,0.0,,0.0,,0.0,,3.0,0.0,,0.0,2.0,1.0,0.0,0.0,2.0,1.0,0.0,49.07,0.9318440847959882,0.661986293224227,0.5087108013937283,0.36139047640302185,-0.26985779157176126
Mongolia,20200203,3.0,1.0,2.0,1.0,2.0,1.0,0.0,,0.0,,0.0,,0.0,,3.0,0.0,,0.0,2.0,1.0,0.0,0.0,2.0,1.0,0.0,49.07,0.9940733986779121,0.5369681676254898,0.5426829268292683,0.29314078538738475,-0.4571052310524223
Mongolia,20200210,3.0,1.0,2.0,1.0,2.0,1.0,0.0,,0.0,,0.0,,0.0,,3.0,0.0,,0.0,2.0,1.0,0.0,0.0,2.0,1.0,0.0,49.07,0.3909545260987472,0.5259862886276453,0.21342925659472423,0.2871455759344798,0.1350317625288981
Mongolia,20200217,3.0,1.0,2.0,1.0,2.0,1.0,0.0,,0.0,,0.0,,0.0,,3.0,0.0,,0.0,2.0,1.0,0.0,0.0,2.0,1.0,0.0,49.07,0.25644859813084114,0.2526215372253761,0.14,0.13791073715875124,-0.0038270609054650295
Mongolia,20200224,3.0,1.0,2.0,1.0,2.0,1.0,0.0,,2.0,0.0,0.0,,2.0,0.0,3.0,0.0,,0.0,2.0,1.0,0.0,0.0,2.0,1.0,0.0,65.74,0.05260974597984432,0.2278160241592731,0.028720626631853787,0.12436895196450114,0.17520627817942877
Mongolia,20200302,3.0,1.0,2.0,1.0,2.0,1.0,0.0,,2.0,0.0,0.0,,2.0,0.0,3.0,0.0,,0.0,2.0,1.0,0.0,0.0,2.0,1.0,0.0,65.74,0.03456180567801093,0.1647256409177411,0.018867924528301886,0.08992675294999132,0.13016383523973019
Mongolia,20200309,3.0,1.0,2.0,1.0,2.0,1.0,0.0,,0.0,,0.0,,2.0,0.0,3.0,0.0,,0.0,2.0,1.0,0.0,0.0,2.0,1.0,0.0,57.41,0.00879252336448598,0.12919782058711873,0.0048,0.07053146327970257,0.12040529722263275
Mongolia,20200316,3.0,1.0,2.0,1.0,2.0,1.0,0.0,,0.0,,0.0,,2.0,0.0,3.0,0.0,,0.0,2.0,1.0,1.0,2.0,2.0,1.0,1.0,57.41,0.0190809968847352,0.10026921858944252,0.010416666666666666,0.054738808107501785,0.08118822170470731
Mongolia,20200323,3.0,1.0,2.0,1.0,2.0,1.0,4.0,1.0,0.0,,0.0,,0.0,,3.0,0.0,,0.0,2.0,1.0,1.0,2.0,2.0,1.0,10.0,60.19,0.06869158878504672,0.08105311225657816,0.0375,0.0442483827114993,0.012361523471531438
Mongolia,20200330,3.0,1.0,2.0,1.0,2.0,1.0,4.0,1.0,0.0,,0.0,,0.0,,4.0,0.0,,0.0,2.0,1.0,1.0,2.0,2.0,1.0,12.0,62.96,0.031047045778552194,0.11960427880824069,0.01694915254237288,0.06529417261470283,0.0885572330296885
Mongolia,20200406,3.0,1.0,2.0,1.0,2.0,1.0,4.0,1.0,1.0,0.0,0.0,,0.0,,4.0,0.0,,0.0,2.0,1.0,1.0,2.0,2.0,1.0,15.0,65.74,0.0,0.07231744495980659,0.0,0.03947942148315972,0.07231744495980659
Norway,20200210,0.0,,0.0,,0.0,,0.0,,0.0,,0.0,,0.0,,0.0,0.0,,0.0,2.0,1.0,0.0,0.0,0.0,,0.0,11.11,0.6772910822529724,1.0,0.21286534098491927,0.3142893012511462,0.3227089177470276
Norway,20200217,0.0,,0.0,,0.0,,0.0,,0.0,,0.0,,0.0,,0.0,0.0,,0.0,2.0,1.0,0.0,0.0,0.0,,0.0,11.11,0.6660996604861449,0.8946109216804451,0.2093479968578162,0.2811666414665909,0.2285112611943002
Norway,20200224,0.0,,0.0,,0.0,,0.0,,0.0,,0.0,,0.0,,0.0,0.0,,0.0,2.0,1.0,0.0,0.0,0.0,,0.0,11.11,0.6266198709548275,0.8232506118734078,0.19693992139247612,0.25873885956027187,0.19663074091858024
Norway,20200302,0.0,,0.0,,0.0,,0.0,,0.0,,0.0,,0.0,,0.0,0.0,,0.0,2.0,1.0,1.0,0.0,0.0,,25.0,11.11,0.49847190986035605,0.7643846635454743,0.15666438824333562,0.24023792179279957,0.26591275368511824
Norway,20200309,0.0,,0.0,,0.0,,0.0,,0.0,,0.0,,0.0,,0.0,0.0,,0.0,2.0,1.0,1.0,0.0,0.0,,205.0,11.11,0.27857311546891117,0.7196227890480593,0.08755254980807896,0.22616974353431551,0.44104967357914815
Norway,20200316,3.0,1.0,2.0,1.0,0.0,,2.0,1.0,1.0,1.0,0.0,,2.0,0.0,4.0,0.0,,0.0,2.0,1.0,1.0,0.0,0.0,,1333.0,60.19,0.11496108745679914,0.6463071491460908,0.036131039847869306,0.20312742229874517,0.5313460616892917
Norway,20200323,3.0,1.0,2.0,1.0,0.0,,2.0,1.0,1.0,1.0,0.0,,2.0,1.0,4.0,2.0,0.0,0.0,2.0,1.0,1.0,0.0,0.0,,2621.0,62.96,0.047134997297232445,0.560421861855548,0.014814025365021848,0.17613459536844656,0.5132868645583155
Norway,20200330,3.0,1.0,2.0,1.0,2.0,1.0,4.0,1.0,1.0,1.0,0.0,,2.0,1.0,4.0,2.0,0.0,0.0,2.0,1.0,1.0,0.0,0.0,,4445.0,79.63,0.020261676365718538,0.46842450266892227,0.006368028107158542,0.14722080963273124,0.44816282630320375
Norway,20200406,3.0,1.0,2.0,1.0,2.0,1.0,4.0,1.0,1.0,1.0,0.0,,2.0,1.0,4.0,2.0,0.0,0.0,2.0,1.0,1.0,1.0,0.0,,5865.0,79.63,0.0019309858096878652,0.40150803625985093,0.0006068881808526779,0.12618968016282842,0.39957705045016306
Norway,20200413,3.0,1.0,2.0,1.0,2.0,1.0,4.0,1.0,1.0,1.0,0.0,,2.0,1.0,4.0,2.0,0.0,0.0,2.0,1.0,1.0,1.0,0.0,,6603.0,79.63,0.0016825922093670967,0.32894856902780956,0.0005288207297726071,0.10338501590731469,0.32726597681844244
Norway,20200420,3.0,1.0,2.0,1.0,2.0,1.0,4.0,1.0,1.0,1.0,0.0,,1.0,1.0,4.0,2.0,0.0,0.0,2.0,1.0,1.0,1.0,0.0,,7156.0,74.07,0.0016682563208353285,0.28621463830850774,0.0005243151133831433,0.08995419868183042,0.2845463819876724
Norway,20200427,2.0,1.0,2.0,1.0,2.0,1.0,3.0,1.0,1.0,1.0,0.0,,1.0,1.0,4.0,2.0,0.0,0.0,2.0,1.0,1.0,1.0,0.0,,7599.0,67.59,0.0018439767417636511,0.20922180882359823,0.0005795421616922632,0.06575617610166958,0.20737783208183458
Norway,20200504,2.0,1.0,2.0,1.0,2.0,1.0,3.0,1.0,1.0,1.0,0.0,,1.0,1.0,4.0,2.0,0.0,0.0,2.0,1.0,1.0,1.0,0.0,,7904.0,67.59,0.0009657859668882016,0.16929492393684023,0.00030353619669145547,0.05320758334947546,0.16832913796995203
Norway,20200511,1.0,1.0,2.0,1.0,2.0,1.0,3.0,1.0,1.0,1.0,0.0,,1.0,1.0,4.0,2.0,0.0,0.0,2.0,1.0,1.0,1.0,0.0,,8132.0,63.89,0.0005948367672299832,0.1479543211387784,0.0001869508319312021,0.04650046020779435,0.14735948437154842
Norway,20200518,1.0,1.0,2.0,1.0,2.0,1.0,3.0,1.0,0.0,,0.0,,1.0,1.0,4.0,2.0,0.0,0.0,2.0,1.0,1.0,1.0,0.0,,8257.0,58.33,0.005294146202850549,0.11775337860599513,0.0016638935108153079,0.03700862708203988,0.11245923240314458
Norway,20200525,1.0,1.0,2.0,1.0,2.0,1.0,3.0,1.0,0.0,,0.0,,1.0,1.0,4.0,2.0,0.0,0.0,2.0,1.0,1.0,1.0,0.0,,8364.0,58.33,0.0048800335397441415,0.09486257943586114,0.0015337423312883436,0.029814293805778144,0.089982545896117
Norway,20200601,1.0,1.0,2.0,1.0,2.0,1.0,3.0,1.0,0.0,,0.0,,1.0,1.0,4.0,2.0,0.0,0.0,2.0,1.0,1.0,1.0,0.0,,8446.0,58.33,0.0,0.11101389039068338,0.0,0.03489047804005921,0.11101389039068338
Poland,20200210,0.0,,0.0,,0.0,,0.0,,0.0,,0.0,,0.0,,0.0,0.0,,0.0,1.0,1.0,0.0,0.0,0.0,,0.0,5.56,1.0,0.7089613297580678,0.5652173913043478,0.4007172733415165,-0.2910386702419322
Poland,20200217,0.0,,0.0,,0.0,,0.0,,0.0,,0.0,,0.0,,0.0,0.0,,0.0,1.0,1.0,0.0,0.0,0.0,,0.0,5.56,0.8256410256410257,0.6105296709053083,0.4666666666666667,0.3450819879030003,-0.2151113547357174
Poland,20200224,0.0,,0.0,,0.0,,0.0,,0.0,,0.0,,0.0,,0.0,0.0,,0.0,1.0,1.0,0.0,0.0,0.0,,0.0,5.56,0.8680140235100021,0.5371414524281655,0.4906166219839142,0.3036016905028761,-0.33087257108183665
Poland,20200302,0.0,,0.0,,0.0,,0.0,,0.0,,0.0,,0.0,,0.0,0.0,,0.0,2.0,1.0,0.0,0.0,0.0,,0.0,11.11,0.7722508438443774,0.5317206393228697,0.43648960739030024,0.30053775266075244,-0.24053020452150764
Poland,20200309,0.0,,0.0,,0.0,,0.0,,0.0,,0.0,,0.0,,1.0,0.0,,0.0,2.0,1.0,0.0,0.0,0.0,,16.0,13.89,0.5188609467455622,0.4621446535725763,0.2932692307692308,0.2612121954975431,-0.05671629317298588
Poland,20200316,3.0,1.0,2.0,1.0,2.0,1.0,0.0,,0.0,,0.0,,1.0,1.0,4.0,0.0,,0.0,2.0,1.0,0.0,0.0,0.0,,177.0,57.41,0.3787344154316632,0.46010845178542237,0.21406727828746178,0.2600612988352387,0.08137403635375917
Poland,20200323,3.0,1.0,2.0,1.0,2.0,1.0,0.0,,0.0,,0.0,,1.0,1.0,4.0,1.0,0.0,0.0,2.0,1.0,1.0,0.0,0.0,,749.0,57.41,0.22387348158380757,0.4205829103754616,0.12653718524302165,0.2377207754296087,0.196709428791654
Poland,20200330,3.0,1.0,2.0,1.0,2.0,1.0,0.0,,0.0,,0.0,,1.0,1.0,4.0,1.0,0.0,1.0,2.0,1.0,1.0,0.0,0.0,,2055.0,57.41,0.069012547735952,0.2884823344728869,0.03900709219858156,0.16305523252815346,0.2194697867369349
Poland,20200406,3.0,1.0,2.0,1.0,2.0,1.0,4.0,1.0,0.0,,2.0,1.0,2.0,1.0,4.0,1.0,0.0,1.0,2.0,1.0,1.0,1.0,0.0,,4413.0,81.48,0.013557323902151489,0.33133630975911565,0.007662835249042145,0.18727704464645667,0.3177789858569642
Poland,20200413,3.0,1.0,2.0,1.0,2.0,1.0,4.0,1.0,1.0,1.0,1.0,1.0,2.0,1.0,4.0,1.0,0.0,1.0,2.0,1.0,1.0,1.0,0.0,,6934.0,83.33,0.0,0.20175081762445116,0.0,0.11403307083121152,0.20175081762445116
Portugal,20200127,0.0,,0.0,,0.0,,0.0,,0.0,,0.0,,0.0,,0.0,0.0,,0.0,2.0,1.0,1.0,2.0,0.0,,0.0,11.11,0.6512094074976179,1.0,0.3195084485407066,0.4906385639735638,0.3487905925023821
Portugal,20200203,0.0,,0.0,,0.0,,0.0,,0.0,,0.0,,0.0,,0.0,0.0,,0.0,2.0,1.0,1.0,2.0,0.0,,0.0,11.11,0.5951116652138252,0.8364786274961641,0.2919847328244275,0.4104086725892956,0.2413669622823389
Portugal,20200210,0.0,,0.0,,0.0,,0.0,,0.0,,0.0,,0.0,,0.0,0.0,,0.0,2.0,1.0,1.0,2.0,0.0,,0.0,11.11,0.5349807120850342,0.7738381161270012,0.2624821683309558,0.37967482204455977,0.23885740404196698
Portugal,20200217,0.0,,0.0,,0.0,,0.0,,0.0,,0.0,,0.0,,0.0,0.0,,0.0,2.0,1.0,1.0,2.0,0.0,,0.0,11.11,0.5078166934030537,0.6723525923274384,0.2491544532130778,0.32988211038343734,0.1645358989243847
Portugal,20200224,0.0,,0.0,,0.0,,0.0,,0.0,,0.0,,0.0,,0.0,0.0,,0.0,2.0,1.0,1.0,2.0,0.0,,0.0,11.11,0.4918377227347597,0.6355345735018479,0.24131455399061033,0.311817770498498,0.14369685076708827
Portugal,20200302,0.0,,0.0,,0.0,,0.0,,0.0,,0.0,,0.0,,0.0,0.0,,0.0,2.0,1.0,1.0,2.0,0.0,,2.0,11.11,0.37862083568749527,0.5259187168875946,0.18576598311218334,0.2580360040205487,0.14729788120009935
Portugal,20200309,2.0,0.0,0.0,,0.0,,0.0,,0.0,,0.0,,0.0,,0.0,0.0,,1.0,2.0,1.0,1.0,2.0,0.0,,30.0,16.67,0.210844159954053,0.4116598715176123,0.10344827586206896,0.2019762082069431,0.2008157115635593
Portugal,20200316,3.0,1.0,2.0,1.0,0.0,,0.0,,0.0,,0.0,,0.0,,3.0,1.0,1.0,1.0,2.0,1.0,1.0,2.0,0.0,,331.0,37.96,0.07735591567071143,0.38729976721840736,0.037953795379537955,0.19002420161533495,0.30994385154769594
Portugal,20200323,3.0,1.0,3.0,1.0,2.0,1.0,4.0,1.0,1.0,1.0,2.0,1.0,1.0,1.0,3.0,1.0,1.0,2.0,2.0,1.0,1.0,2.0,0.0,,2060.0,82.41,0.015267117699544414,0.3007663819002654,0.00749063670411985,0.14756758570707068,0.28549926420072097
Portugal,20200330,3.0,1.0,3.0,1.0,2.0,1.0,4.0,1.0,1.0,1.0,2.0,1.0,1.0,1.0,3.0,1.0,1.0,2.0,2.0,1.0,2.0,0.0,0.0,,6408.0,82.41,0.0077792374537754925,0.2648891526116617,0.003816793893129771,0.1299648334495599,0.25710991515788617
Portugal,20200406,3.0,1.0,3.0,1.0,2.0,1.0,4.0,1.0,1.0,1.0,2.0,1.0,1.0,1.0,3.0,1.0,1.0,2.0,2.0,1.0,2.0,0.0,0.0,,11730.0,82.41,0.0,0.3217622602237624,0.0,0.15786897329707494,0.3217622602237624
Romania,20200217,0.0,,0.0,,0.0,,0.0,,0.0,,0.0,,0.0,,2.0,0.0,,0.0,0.0,,0.0,0.0,0.0,,0.0,5.56,0.9116137396085775,0.9999999999999999,0.6713286713286714,0.7364178951678831,0.08838626039142239
Romania,20200224,0.0,,0.0,,0.0,,0.0,,0.0,,0.0,,0.0,,2.0,0.0,,0.0,0.0,,0.0,0.0,0.0,,0.0,5.56,0.7680065547060991,0.7627906585407856,0.5655737704918032,0.5617326912163288,-0.005215896165313483
Romania,20200302,0.0,,0.0,,0.0,,0.0,,0.0,,0.0,,0.0,,2.0,0.0,,0.0,2.0,1.0,0.0,0.0,0.0,,3.0,16.67,0.7861668927655111,0.7036784680134663,0.5789473684210527,0.5182014162894375,-0.08248842475204476
Romania,20200309,0.0,,0.0,,2.0,1.0,1.0,1.0,0.0,,0.0,,0.0,,3.0,0.0,,0.0,2.0,1.0,0.0,0.0,0.0,,15.0,33.33,0.6132562858522755,0.699547547420742,0.45161290322580644,0.5151593324414377,0.08629126156846645
Romania,20200316,3.0,1.0,2.0,1.0,2.0,1.0,2.0,1.0,0.0,,1.0,1.0,0.0,,3.0,0.0,,0.0,2.0,1.0,0.0,0.0,0.0,,158.0,58.33,0.2575374303887019,0.6037611151365494,0.1896551724137931,0.4446204895930717,0.3462236847478475
Romania,20200323,3.0,1.0,2.0,1.0,2.0,1.0,4.0,1.0,1.0,0.0,1.0,1.0,1.0,1.0,4.0,2.0,0.0,0.0,2.0,1.0,1.0,0.0,0.0,,576.0,75.0,0.17808847645358822,0.5952024143008656,0.13114754098360656,0.4383177091382858,0.4171139378472774
Romania,20200330,3.0,1.0,2.0,1.0,2.0,1.0,4.0,1.0,1.0,0.0,2.0,1.0,2.0,0.0,4.0,2.0,0.0,2.0,2.0,1.0,1.0,0.0,0.0,,2109.0,81.48,0.10017476800514337,0.46650054109936556,0.07377049180327869,0.3435393465710734,0.3663257730942222
Romania,20200406,3.0,1.0,2.0,1.0,2.0,1.0,4.0,1.0,2.0,0.0,2.0,1.0,2.0,0.0,4.0,2.0,0.0,2.0,2.0,1.0,1.0,1.0,0.0,,4057.0,87.04,0.30662814292613777,0.49350681655327916,0.22580645161290322,0.3634272510971685,0.1868786736271414
Romania,20200413,3.0,1.0,2.0,1.0,2.0,1.0,4.0,1.0,2.0,0.0,2.0,1.0,2.0,0.0,4.0,2.0,0.0,2.0,2.0,1.0,1.0,1.0,0.0,,6633.0,87.04,0.14680266302255246,0.4097410770873525,0.10810810810810811,0.3017406615524895,0.26293841406480006
Romania,20200420,3.0,1.0,2.0,1.0,2.0,1.0,4.0,1.0,2.0,0.0,2.0,1.0,2.0,0.0,4.0,2.0,0.0,2.0,2.0,1.0,1.0,1.0,0.0,,8936.0,87.04,0.14293943504827475,0.3725129141419123,0.10526315789473684,0.27432517615524143,0.22957347909363754
Romania,20200427,3.0,1.0,2.0,1.0,2.0,1.0,4.0,1.0,2.0,0.0,2.0,1.0,2.0,0.0,4.0,2.0,0.0,2.0,2.0,1.0,1.0,1.0,0.0,,11339.0,87.04,0.0,0.23740537774372278,0.0,0.17482956857956855,0.23740537774372278
Russian Federation,20200210,0.0,,0.0,,0.0,,0.0,,0.0,,0.0,,0.0,,3.0,0.0,,0.0,0.0,,1.0,0.0,0.0,,2.0,8.33,1.0,0.9749785833308418,0.3520735727919486,0.34326419322892204,-0.025021416669158247
Russian Federation,20200217,0.0,,0.0,,0.0,,0.0,,0.0,,0.0,,0.0,,3.0,0.0,,0.0,0.0,,1.0,0.0,0.0,,2.0,8.33,0.944115322216193,0.81107111571348,0.33239805462027683,0.2855567054975969,-0.13304420650271298
Russian Federation,20200224,0.0,,0.0,,0.0,,0.0,,0.0,,0.0,,0.0,,3.0,0.0,,0.0,0.0,,1.0,0.0,0.0,,2.0,8.33,0.9718697563952381,0.7911750747079731,0.3421696574225122,0.27855183525637295,-0.180694681687265
Russian Federation,20200302,0.0,,0.0,,0.0,,0.0,,0.0,,0.0,,0.0,,3.0,0.0,,0.0,0.0,,1.0,0.0,0.0,,3.0,8.33,0.8456064616394358,0.7671357276810084,0.297715688125354,0.27008821646100395,-0.07847073395842741
Russian Federation,20200309,0.0,,0.0,,0.0,,0.0,,0.0,,2.0,0.0,2.0,0.0,3.0,0.0,,0.0,0.0,,1.0,2.0,0.0,,17.0,22.22,0.6920484748591282,0.6686899683476555,0.2436519790888723,0.23542806624629412,-0.023358506511472754
Russian Federation,20200316,1.0,0.0,0.0,,2.0,0.0,3.0,0.0,0.0,,2.0,0.0,2.0,0.0,3.0,0.0,,0.0,2.0,1.0,1.0,2.0,0.0,,90.0,50.46,0.5772769519230346,0.5907485382554128,0.20324395895398875,0.20798694848520435,0.013471586332378216
Russian Federation,20200323,3.0,0.0,2.0,1.0,2.0,1.0,3.0,0.0,0.0,,2.0,1.0,2.0,0.0,3.0,0.0,,0.0,2.0,1.0,1.0,2.0,0.0,,438.0,69.91,0.397662591322642,0.5090502916638485,0.1400064892926671,0.17922315491687466,0.11138770034120654
Russian Federation,20200330,3.0,1.0,3.0,1.0,2.0,1.0,4.0,1.0,1.0,0.0,3.0,0.0,2.0,0.0,4.0,0.0,,0.0,2.0,1.0,1.0,2.0,0.0,,1836.0,87.04,0.25227412899983,0.42624879613480937,0.08881905391994707,0.15007093655344927,0.1739746671349794
Russian Federation,20200406,3.0,0.0,3.0,1.0,2.0,1.0,4.0,1.0,1.0,0.0,3.0,0.0,2.0,0.0,4.0,0.0,,2.0,2.0,1.0,3.0,2.0,0.0,,6343.0,85.19,0.16923210303831485,0.36742739649781103,0.059582151147794686,0.12936147622662825,0.19819529345949619
Russian Federation,20200413,3.0,0.0,3.0,1.0,2.0,1.0,4.0,1.0,1.0,0.0,3.0,0.0,2.0,0.0,4.0,0.0,,2.0,2.0,1.0,3.0,2.0,0.0,,18328.0,85.19,0.07968014372499858,0.320797558592194,0.028053272881836216,0.11294434259648822,0.2411174148671954
Russian Federation,20200420,3.0,0.0,3.0,1.0,2.0,1.0,4.0,1.0,1.0,0.0,3.0,0.0,2.0,0.0,4.0,0.0,,2.0,2.0,1.0,3.0,2.0,0.0,,47121.0,85.19,0.046840289486654044,0.28043797641329304,0.01649122807017544,0.0987348003023723,0.23359768692663901
Russian Federation,20200427,3.0,0.0,3.0,1.0,2.0,1.0,4.0,1.0,1.0,0.0,3.0,0.0,2.0,0.0,4.0,0.0,,2.0,2.0,1.0,3.0,2.0,0.0,,87147.0,85.19,0.01686648115390964,0.22236909361779178,0.0059382422802850355,0.07829028126852325,0.20550261246388213
Russian Federation,20200504,3.0,0.0,3.0,1.0,2.0,1.0,4.0,1.0,1.0,0.0,3.0,0.0,2.0,0.0,4.0,1.0,0.0,2.0,2.0,1.0,3.0,2.0,0.0,,145268.0,85.19,0.009062908188635558,0.20412107828312284,0.003190810465858328,0.07186563731328409,0.19505817009448728
Russian Federation,20200511,3.0,0.0,3.0,1.0,2.0,1.0,4.0,1.0,1.0,0.0,3.0,0.0,2.0,0.0,4.0,1.0,0.0,2.0,2.0,1.0,3.0,2.0,0.0,,221344.0,85.19,0.0033454834232254224,0.15623869214363756,0.001177856301531213,0.055007514551351826,0.15289320872041215
Russian Federation,20200518,3.0,0.0,2.0,0.0,2.0,1.0,4.0,0.0,1.0,0.0,3.0,0.0,2.0,0.0,4.0,1.0,0.0,2.0,2.0,1.0,3.0,2.0,3.0,0.0,290678.0,78.24,0.0015411369649041692,0.14078109185815263,0.0005425935973955507,0.04956530199205131,0.13923995489324845
Russian Federation,20200525,3.0,0.0,2.0,0.0,2.0,1.0,4.0,0.0,1.0,0.0,3.0,0.0,2.0,0.0,4.0,1.0,0.0,2.0,2.0,1.0,3.0,2.0,3.0,0.0,353427.0,78.24,0.002121221378878554,0.11973715508950658,0.0007468259895444362,0.042156287988306236,0.11761593371062802
Russian Federation,20200601,3.0,0.0,2.0,0.0,2.0,1.0,4.0,0.0,1.0,0.0,2.0,0.0,2.0,0.0,4.0,1.0,0.0,2.0,2.0,1.0,3.0,2.0,3.0,0.0,414328.0,74.54,0.0,0.11236942545640781,0.0,0.03956230509301604,0.11236942545640781
Serbia,20200203,0.0,,0.0,,0.0,,0.0,,0.0,,0.0,,0.0,,1.0,0.0,,0.0,0.0,,0.0,0.0,0.0,,0.0,2.78,0.8599199394064097,1.0,0.6318082788671024,0.7347291880488672,0.14008006059359035
Serbia,20200210,0.0,,0.0,,0.0,,0.0,,0.0,,0.0,,0.0,,1.0,0.0,,0.0,0.0,,0.0,0.0,0.0,,0.0,2.78,0.7385219550139157,0.780401934679308,0.5426136363636364,0.5733840798186931,0.04187997966539225
Serbia,20200217,0.0,,0.0,,0.0,,0.0,,0.0,,0.0,,0.0,,1.0,0.0,,0.0,0.0,,0.0,0.0,0.0,,0.0,2.78,0.5823030560178809,0.7039955489026644,0.42783505154639173,0.5172460780352712,0.12169249288478345
Serbia,20200224,0.0,,0.0,,0.0,,0.0,,0.0,,0.0,,0.0,,1.0,0.0,,0.0,0.0,,0.0,0.0,0.0,,0.0,2.78,0.6174499992168445,0.6457026566119811,0.45365853658536587,0.47441658861351743,0.028252657395136604
Serbia,20200302,0.0,,0.0,,0.0,,0.0,,0.0,,0.0,,0.0,,1.0,0.0,,0.0,2.0,1.0,1.0,0.0,0.0,,0.0,13.89,0.5784444213093287,0.666597561220075,0.425,0.48976868491058073,0.08815313991074625
Serbia,20200309,0.0,,0.0,,0.0,,0.0,,0.0,,0.0,,0.0,,1.0,0.0,,0.0,2.0,1.0,1.0,2.0,0.0,,1.0,13.89,0.434126644796048,0.5325394819567042,0.31896551724137934,0.39127230118201367,0.09841283716065619
Serbia,20200316,3.0,1.0,1.0,1.0,2.0,1.0,4.0,1.0,0.0,,2.0,1.0,0.0,,4.0,0.0,,0.0,2.0,1.0,1.0,2.0,0.0,,55.0,66.67,0.2268409495330701,0.38860398079407443,0.16666666666666666,0.2855186872813879,0.16176303126100433
Serbia,20200323,3.0,1.0,3.0,1.0,2.0,1.0,4.0,1.0,2.0,1.0,3.0,1.0,2.0,1.0,4.0,0.0,,0.0,2.0,1.0,1.0,2.0,0.0,,249.0,100.0,0.0,0.3503884137232042,0.0,0.2574405947165804,0.3503884137232042
Slovenia,20200127,0.0,,0.0,,0.0,,0.0,,0.0,,0.0,,0.0,,0.0,0.0,,0.0,0.0,,0.0,0.0,0.0,,0.0,0.0,0.9999999999999999,0.9541604838506236,0.3891786179921773,0.3713388584477329,-0.045839516149376314
Slovenia,20200203,0.0,,0.0,,0.0,,0.0,,0.0,,0.0,,0.0,,0.0,0.0,,0.0,0.0,,0.0,0.0,0.0,,0.0,0.0,0.9150428400997794,0.8479434263994671,0.35611510791366907,0.33000145082169613,-0.06709941370031236
Slovenia,20200210,0.0,,0.0,,0.0,,0.0,,0.0,,0.0,,0.0,,0.0,0.0,,0.0,0.0,,0.0,0.0,0.0,,0.0,0.0,0.7965291972582557,0.7527288716440815,0.3099921321793863,0.2929459819892547,-0.04380032561417413
Slovenia,20200217,0.0,,0.0,,0.0,,0.0,,0.0,,0.0,,0.0,,0.0,0.0,,0.0,0.0,,0.0,0.0,0.0,,0.0,0.0,0.7529274278368587,0.6681705924294864,0.2930232558139535,0.2600377077447219,-0.08475683540737233
Slovenia,20200224,0.0,,0.0,,0.0,,0.0,,0.0,,0.0,,0.0,,0.0,0.0,,0.0,0.0,,0.0,0.0,0.0,,0.0,0.0,0.5802128924190847,0.5842131491687257,0.22580645161290322,0.2273632660063424,0.004000256749640996
Slovenia,20200302,0.0,,0.0,,0.0,,0.0,,0.0,,0.0,,0.0,,0.0,0.0,,0.0,0.0,,0.0,0.0,0.0,,0.0,0.0,0.4137142225839836,0.5063252416569738,0.16100872938894278,0.19705095780261628,0.09261101907299019
Slovenia,20200309,0.0,,0.0,,0.0,,2.0,1.0,0.0,,0.0,,0.0,,0.0,0.0,,0.0,2.0,1.0,2.0,2.0,0.0,,16.0,16.67,0.20483818074349866,0.3990577249823679,0.07971864009378664,0.15530473390774033,0.19421954423886925
Slovenia,20200316,3.0,1.0,0.0,,0.0,,2.0,1.0,2.0,1.0,1.0,1.0,0.0,,3.0,0.0,,0.0,2.0,1.0,2.0,2.0,0.0,,253.0,50.93,0.11075492404551493,0.34558299631121286,0.04310344827586207,0.13449351290599354,0.23482807226569793
Slovenia,20200323,3.0,1.0,3.0,1.0,2.0,1.0,4.0,1.0,2.0,1.0,1.0,1.0,0.0,,3.0,0.0,,2.0,2.0,1.0,2.0,2.0,0.0,,442.0,78.7,0.0645311794895329,0.2762969937569711,0.02511415525114155,0.10752888218573126,0.21176581426743818
Slovenia,20200330,3.0,1.0,3.0,1.0,2.0,1.0,4.0,1.0,2.0,1.0,1.0,1.0,2.0,1.0,3.0,1.0,1.0,2.0,2.0,1.0,2.0,2.0,2.0,1.0,756.0,89.81,0.0,0.2034753612909965,0.0,0.07918825990268899,0.2034753612909965
Sweden,20200224,0.0,,0.0,,0.0,,0.0,,0.0,,0.0,,0.0,,0.0,0.0,,0.0,0.0,,1.0,2.0,0.0,,1.0,0.0,0.7024498988678645,1.0,0.2406311637080868,0.3425598951553855,0.29755010113213554
Sweden,20200302,0.0,,0.0,,0.0,,0.0,,0.0,,0.0,,0.0,,0.0,0.0,,0.0,0.0,,1.0,2.0,0.0,,19.0,0.0,0.6438152294718075,0.911618177422342,0.22054527750730282,0.31228382727954107,0.2678029479505345
Sweden,20200309,0.0,,0.0,,0.0,,0.0,,0.0,,0.0,,0.0,,0.0,0.0,,0.0,2.0,1.0,1.0,2.0,0.0,,326.0,11.11,0.5040059979118375,0.83413262845907,0.1726522418023645,0.28574038575062516,0.33012663054723246
Sweden,20200316,0.0,,0.0,,2.0,1.0,2.0,1.0,0.0,,0.0,,0.0,,0.0,2.0,0.0,0.0,2.0,1.0,1.0,2.0,0.0,,1146.0,27.78,0.21380038251849892,0.7742383636506665,0.07323943661971831,0.2652230126774495,0.5604379811321676
Sweden,20200323,2.0,1.0,0.0,,2.0,1.0,2.0,1.0,0.0,,0.0,,0.0,,3.0,2.0,0.0,0.0,2.0,1.0,1.0,1.0,0.0,,2168.0,43.52,0.08043850896411675,0.7359279185144753,0.02755500719720337,0.2520993906082397,0.6554894095503585
Sweden,20200330,2.0,1.0,1.0,1.0,2.0,1.0,3.0,1.0,0.0,,1.0,1.0,0.0,,3.0,2.0,0.0,0.0,2.0,1.0,1.0,1.0,0.0,,4359.0,53.7,0.028882021899658,0.6754537242310203,0.009893822393822393,0.231383356954893,0.6465717023313623
Sweden,20200406,2.0,1.0,1.0,1.0,2.0,1.0,3.0,1.0,1.0,1.0,1.0,1.0,1.0,1.0,3.0,2.0,0.0,0.0,2.0,1.0,1.0,1.0,0.0,,7561.0,64.81,0.010003480634252796,0.596463143966412,0.003426791277258567,0.20432435206118568,0.5864596633321592
Sweden,20200413,2.0,1.0,1.0,1.0,2.0,1.0,3.0,1.0,1.0,1.0,1.0,1.0,1.0,1.0,3.0,2.0,0.0,0.0,2.0,1.0,1.0,1.0,0.0,,11349.0,64.81,0.009179866448242275,0.5740493475281311,0.0031446540880503146,0.19664628430325404,0.5648694810798888
Sweden,20200420,2.0,1.0,1.0,1.0,2.0,1.0,3.0,1.0,1.0,1.0,1.0,1.0,1.0,1.0,3.0,2.0,0.0,0.0,2.0,1.0,1.0,1.0,0.0,,15124.0,64.81,0.00781369788688716,0.5087173640353522,0.0026766595289079227,0.17426616688767432,0.500903666148465
Sweden,20200427,2.0,1.0,1.0,1.0,2.0,1.0,3.0,1.0,1.0,1.0,1.0,1.0,1.0,1.0,3.0,2.0,0.0,0.0,2.0,1.0,1.0,1.0,0.0,,19426.0,64.81,0.01042570546621801,0.4459066639430302,0.0035714285714285713,0.15274974004941214,0.4354809584768122
Sweden,20200504,2.0,1.0,1.0,1.0,2.0,1.0,3.0,1.0,1.0,1.0,1.0,1.0,1.0,1.0,3.0,2.0,0.0,0.0,2.0,1.0,1.0,1.0,0.0,,23169.0,64.81,0.0,0.33314213679287225,0.0,0.1141211354516074,0.33314213679287225
Ukraine,20200106,0.0,,0.0,,0.0,,0.0,,0.0,,0.0,,0.0,,0.0,0.0,,0.0,0.0,,0.0,0.0,0.0,,,0.0,0.4660714285714285,0.7068955834570587,0.2571428571428571,0.39001135639010137,0.2408241548856302
Ukraine,20200113,0.0,,0.0,,0.0,,0.0,,0.0,,0.0,,0.0,,0.0,0.0,,0.0,0.0,,0.0,0.0,0.0,,,0.0,0.5339147286821706,0.672719472140108,0.29457364341085274,0.37115557083592166,0.13880474345793736
Ukraine,20200120,0.0,,0.0,,0.0,,0.0,,0.0,,0.0,,0.0,,0.0,0.0,,0.0,0.0,,0.0,0.0,0.0,,,0.0,0.7756550218340611,0.5633726958165014,0.4279475982532751,0.31082631493324214,-0.2122823260175597
Ukraine,20200127,0.0,,0.0,,0.0,,0.0,,0.0,,0.0,,0.0,,0.0,0.0,,0.0,0.0,,0.0,0.0,0.0,,0.0,0.0,0.7250000000000001,0.5264142353844097,0.4,0.2904354402120881,-0.1985857646155904
Ukraine,20200203,0.0,,0.0,,0.0,,0.0,,0.0,,0.0,,0.0,,0.0,0.0,,0.0,0.0,,0.0,0.0,0.0,,0.0,0.0,0.7346345514950166,0.5089685354036733,0.4053156146179402,0.28081022642961284,-0.2256660160913433
Ukraine,20200210,0.0,,0.0,,0.0,,0.0,,0.0,,0.0,,0.0,,0.0,0.0,,0.0,0.0,,1.0,0.0,0.0,,0.0,0.0,0.7442965779467681,0.4617503211192956,0.41064638783269963,0.2547587978589217,-0.2825462568274725
Ukraine,20200217,0.0,,0.0,,0.0,,0.0,,0.0,,0.0,,0.0,,0.0,0.0,,0.0,0.0,,1.0,0.0,0.0,,0.0,0.0,0.802549751243781,0.3569848893014213,0.4427860696517413,0.19695718030423245,-0.4455648619423597
Ukraine,20200224,0.0,,0.0,,0.0,,0.0,,0.0,,0.0,,0.0,,0.0,0.0,,0.0,0.0,,1.0,0.0,0.0,,0.0,0.0,0.7644902234636872,0.3262989263687854,0.42178770949720673,0.1800269938586402,-0.43819129709490184
Ukraine,20200302,0.0,,0.0,,0.0,,0.0,,0.0,,0.0,,0.0,,0.0,0.0,,0.0,0.0,,1.0,0.0,0.0,,0.0,0.0,0.7808569182389937,0.23727143095150047,0.4308176100628931,0.13090837569737956,-0.5435854872874932
Ukraine,20200309,0.0,,0.0,,0.0,,0.0,,0.0,,0.0,,0.0,,0.0,0.0,,0.0,2.0,1.0,1.0,0.0,0.0,,1.0,11.11,0.5823293172690763,0.21807850133878626,0.321285140562249,0.12031917315243379,-0.3642508159302901
Ukraine,20200316,3.0,1.0,0.0,,2.0,1.0,2.0,1.0,0.0,,1.0,1.0,2.0,1.0,4.0,1.0,0.0,0.0,2.0,1.0,1.0,1.0,0.0,,7.0,64.81,0.3772428229665072,0.21027435541480205,0.20813397129186603,0.11601343747023561,-0.16696846755170514
Ukraine,20200323,3.0,1.0,2.0,1.0,2.0,1.0,4.0,1.0,2.0,1.0,1.0,1.0,2.0,1.0,4.0,1.0,0.0,0.0,2.0,1.0,1.0,1.0,0.0,,73.0,88.89,0.29040055248618785,0.18759929116342133,0.16022099447513813,0.10350305719361177,-0.10280126132276651
Ukraine,20200330,3.0,1.0,2.0,1.0,2.0,1.0,4.0,1.0,2.0,1.0,1.0,1.0,2.0,1.0,4.0,1.0,0.0,1.0,2.0,1.0,1.0,1.0,0.0,,548.0,88.89,0.31718749999999996,0.19831135469092787,0.175,0.10941316120878779,-0.11887614530907209
Ukraine,20200406,3.0,1.0,2.0,1.0,2.0,1.0,4.0,1.0,2.0,1.0,1.0,1.0,2.0,1.0,4.0,1.0,0.0,1.0,2.0,1.0,1.0,1.0,3.0,1.0,1319.0,88.89,0.0,0.0896521920734037,0.0,0.04946327838532618,0.0896521920734037
United States of America,20200203,0.0,,0.0,,0.0,,0.0,,0.0,,0.0,,0.0,,2.0,0.0,,0.0,0.0,,0.0,1.0,0.0,,11.0,5.56,1.0,0.9670484147547707,0.3278375519261037,0.31710414805576836,-0.03295158524522934
United States of America,20200210,0.0,,0.0,,0.0,,0.0,,0.0,,0.0,,0.0,,2.0,0.0,,0.0,0.0,,0.0,1.0,0.0,,12.0,5.56,0.9782860840855564,0.886079635269944,0.3207646227367571,0.29072998108835085,-0.09220644881561235
United States of America,20200217,0.0,,0.0,,0.0,,0.0,,0.0,,0.0,,0.0,,2.0,0.0,,0.0,0.0,,0.0,1.0,0.0,,14.0,5.56,0.927391360649818,0.8358762119405229,0.3041865547185002,0.27437709201615945,-0.09151514870929511
United States of America,20200224,0.0,,0.0,,0.0,,0.0,,0.0,,0.0,,0.0,,2.0,0.0,,0.0,0.0,,0.0,1.0,0.0,,16.0,5.56,0.8468404039062284,0.7877973683196909,0.2779484862178039,0.2587162477089558,-0.05904303558653745
United States of America,20200302,0.0,,0.0,,1.0,0.0,0.0,,0.0,,0.0,,0.0,,3.0,0.0,,0.0,0.0,,1.0,1.0,0.0,,55.0,11.11,0.7423704618284515,0.7340706418819958,0.24391922564395438,0.24121570413282248,-0.008299819946455678
United States of America,20200309,3.0,0.0,0.0,,1.0,0.0,0.0,,0.0,,0.0,,0.0,,3.0,0.0,,0.0,0.0,,2.0,1.0,0.0,,594.0,20.37,0.5174177003124076,0.6654804984498423,0.17064478912959877,0.21887366184555132,0.14806279813743461
United States of America,20200316,3.0,0.0,0.0,,2.0,0.0,2.0,0.0,0.0,,2.0,0.0,1.0,1.0,3.0,0.0,,0.0,2.0,1.0,3.0,1.0,1.0,0.0,4679.0,52.31,0.24023252423629754,0.5797116880915774,0.08035655505668278,0.19093596858429185,0.3394791638552798
United States of America,20200323,3.0,0.0,3.0,0.0,2.0,0.0,4.0,0.0,1.0,0.0,2.0,0.0,2.0,0.0,3.0,0.0,,0.0,2.0,1.0,3.0,1.0,1.0,0.0,46086.0,72.69,0.0727424112951847,0.4853708122764994,0.02579957356076759,0.16020607458773553,0.4126284009813147
United States of America,20200330,3.0,0.0,3.0,0.0,2.0,0.0,4.0,0.0,1.0,0.0,2.0,0.0,2.0,0.0,3.0,2.0,0.0,1.0,2.0,1.0,3.0,1.0,1.0,0.0,165861.0,72.69,0.02888400580007023,0.4099016742225943,0.011513463324048283,0.1356233198446709,0.3810176684225241
United States of America,20200406,3.0,0.0,3.0,0.0,2.0,0.0,4.0,0.0,1.0,0.0,2.0,0.0,2.0,0.0,3.0,2.0,0.0,1.0,2.0,1.0,3.0,1.0,3.0,0.0,382623.0,72.69,0.016794106785757434,0.35793267102612536,0.007575389695527606,0.1186953239411291,0.3411385642403679
United States of America,20200413,3.0,0.0,3.0,0.0,2.0,0.0,4.0,0.0,1.0,0.0,2.0,0.0,2.0,0.0,3.0,2.0,0.0,1.0,2.0,1.0,3.0,1.0,3.0,0.0,598325.0,72.69,0.016371874099276,0.3287578382896964,0.007437854766099041,0.10919213129412557,0.3123859641904204
United States of America,20200420,3.0,0.0,3.0,0.0,2.0,0.0,4.0,0.0,1.0,0.0,2.0,0.0,2.0,0.0,3.0,2.0,0.0,1.0,2.0,1.0,3.0,1.0,3.0,0.0,799472.0,72.69,0.0065919016710003905,0.3054016709301256,0.004252199413489736,0.10158426735472033,0.2988097692591252
United States of America,20200427,3.0,0.0,3.0,0.0,2.0,0.0,4.0,0.0,1.0,0.0,2.0,0.0,2.0,0.0,3.0,2.0,0.0,1.0,2.0,1.0,3.0,1.0,3.0,0.0,1000713.0,72.69,0.008594872329601117,0.2730324472590629,0.004904632152588556,0.09104055760463975,0.2644375749294618
United States of America,20200504,3.0,0.0,3.0,0.0,2.0,0.0,4.0,0.0,1.0,0.0,2.0,0.0,2.0,0.0,3.0,2.0,0.0,1.0,2.0,1.0,3.0,1.0,3.0,0.0,1191606.0,72.69,0.012182681649564497,0.2563732322120868,0.006073298429319372,0.08561410901555859,0.2441905505625223
United States of America,20200511,3.0,0.0,3.0,0.0,2.0,0.0,4.0,0.0,1.0,0.0,2.0,0.0,2.0,0.0,3.0,2.0,0.0,1.0,2.0,1.0,3.0,1.0,3.0,0.0,1358276.0,72.69,0.011901483459711707,0.22997686821106267,0.005981703026038001,0.07701595407330457,0.21807538475135096
United States of America,20200518,3.0,0.0,3.0,0.0,2.0,0.0,4.0,0.0,1.0,0.0,2.0,0.0,2.0,0.0,3.0,2.0,0.0,1.0,2.0,1.0,3.0,1.0,3.0,0.0,1518104.0,72.69,0.0,0.20902125372221853,0.0021050024764735016,0.07019002834056975,0.20902125372221853
